benchmark,task,dataset,method,metric,mean,std,n
B1_known_truth,known_truth_parameter_and_coupling_recovery,equivalent_fit_multiple_parameters,hard_ot,coefficient_cosine,0.08086237759574645,0.5362066085837673,15
B1_known_truth,known_truth_parameter_and_coupling_recovery,equivalent_fit_multiple_parameters,hard_ot,coefficient_sign_accuracy,0.5333333333333333,0.31148645158948657,15
B1_known_truth,known_truth_parameter_and_coupling_recovery,equivalent_fit_multiple_parameters,hard_ot,heldout_coupling_relative_frobenius,0.050163644160599076,0.03741161557983531,15
B1_known_truth,known_truth_parameter_and_coupling_recovery,equivalent_fit_multiple_parameters,hard_ot,pure_column_minimum_curvature,-1.4802973661668748e-10,3.995627876751393e-10,15
B1_known_truth,known_truth_parameter_and_coupling_recovery,equivalent_fit_multiple_parameters,hard_ot,restart_direction_variance,0.19983048732412467,0.009469297968385412,15
B1_known_truth,known_truth_parameter_and_coupling_recovery,equivalent_fit_multiple_parameters,soft_iot,coefficient_cosine,0.9974157087022023,0.003115428853048163,15
B1_known_truth,known_truth_parameter_and_coupling_recovery,equivalent_fit_multiple_parameters,soft_iot,coefficient_sign_accuracy,0.9833333333333333,0.06454972243679029,15
B1_known_truth,known_truth_parameter_and_coupling_recovery,equivalent_fit_multiple_parameters,soft_iot,heldout_coupling_relative_frobenius,0.0213042466119323,0.013399656612608814,15
B1_known_truth,known_truth_parameter_and_coupling_recovery,equivalent_fit_multiple_parameters,soft_iot,pure_column_minimum_curvature,0.21998422890708486,0.08424876326087866,15
B1_known_truth,known_truth_parameter_and_coupling_recovery,equivalent_fit_multiple_parameters,soft_iot,restart_direction_variance,2.5370254822476587e-13,4.473937757177116e-13,15
B1_known_truth,known_truth_parameter_and_coupling_recovery,hard_marginal_flat_direction,hard_ot,coefficient_cosine,0.3227373936815844,0.3327090449708559,15
B1_known_truth,known_truth_parameter_and_coupling_recovery,hard_marginal_flat_direction,hard_ot,coefficient_sign_accuracy,0.6777777777777777,0.20379988109513592,15
B1_known_truth,known_truth_parameter_and_coupling_recovery,hard_marginal_flat_direction,hard_ot,heldout_coupling_relative_frobenius,0.05173390936129676,0.03410958792199558,15
B1_known_truth,known_truth_parameter_and_coupling_recovery,hard_marginal_flat_direction,hard_ot,pure_column_minimum_curvature,-2.664535259100375e-10,5.254534392573276e-10,15
B1_known_truth,known_truth_parameter_and_coupling_recovery,hard_marginal_flat_direction,hard_ot,restart_direction_variance,0.10441428013188063,0.03298934258880184,15
B1_known_truth,known_truth_parameter_and_coupling_recovery,hard_marginal_flat_direction,soft_iot,coefficient_cosine,0.9976970870002843,0.0036794720894643635,15
B1_known_truth,known_truth_parameter_and_coupling_recovery,hard_marginal_flat_direction,soft_iot,coefficient_sign_accuracy,0.9888888888888889,0.04303314829119355,15
B1_known_truth,known_truth_parameter_and_coupling_recovery,hard_marginal_flat_direction,soft_iot,heldout_coupling_relative_frobenius,0.022825130033274705,0.017615679935088134,15
B1_known_truth,known_truth_parameter_and_coupling_recovery,hard_marginal_flat_direction,soft_iot,pure_column_minimum_curvature,0.2495002943803115,0.0756255175415564,15
B1_known_truth,known_truth_parameter_and_coupling_recovery,hard_marginal_flat_direction,soft_iot,restart_direction_variance,1.4724242723963535e-13,1.185029737111486e-13,15
B1_known_truth,known_truth_parameter_and_coupling_recovery,identifiable_soft_marginal,hard_ot,coefficient_cosine,0.3227373936815844,0.3327090449708559,15
B1_known_truth,known_truth_parameter_and_coupling_recovery,identifiable_soft_marginal,hard_ot,coefficient_sign_accuracy,0.6777777777777777,0.20379988109513592,15
B1_known_truth,known_truth_parameter_and_coupling_recovery,identifiable_soft_marginal,hard_ot,heldout_coupling_relative_frobenius,0.05173390936129676,0.03410958792199558,15
B1_known_truth,known_truth_parameter_and_coupling_recovery,identifiable_soft_marginal,hard_ot,pure_column_minimum_curvature,-2.664535259100375e-10,5.254534392573276e-10,15
B1_known_truth,known_truth_parameter_and_coupling_recovery,identifiable_soft_marginal,hard_ot,restart_direction_variance,0.10441428013188063,0.03298934258880184,15
B1_known_truth,known_truth_parameter_and_coupling_recovery,identifiable_soft_marginal,soft_iot,coefficient_cosine,0.9976970870002843,0.0036794720894643635,15
B1_known_truth,known_truth_parameter_and_coupling_recovery,identifiable_soft_marginal,soft_iot,coefficient_sign_accuracy,0.9888888888888889,0.04303314829119355,15
B1_known_truth,known_truth_parameter_and_coupling_recovery,identifiable_soft_marginal,soft_iot,heldout_coupling_relative_frobenius,0.022825130033274705,0.017615679935088134,15
B1_known_truth,known_truth_parameter_and_coupling_recovery,identifiable_soft_marginal,soft_iot,pure_column_minimum_curvature,0.2495002943803115,0.0756255175415564,15
B1_known_truth,known_truth_parameter_and_coupling_recovery,identifiable_soft_marginal,soft_iot,restart_direction_variance,1.4724242723963535e-13,1.185029737111486e-13,15
B1_known_truth,known_truth_parameter_and_coupling_recovery,nonlinear_or_hidden_confounding_misspecification,hard_ot,coefficient_cosine,0.4578342128297099,0.31284825538012484,15
B1_known_truth,known_truth_parameter_and_coupling_recovery,nonlinear_or_hidden_confounding_misspecification,hard_ot,coefficient_sign_accuracy,0.6777777777777777,0.21331349114072815,15
B1_known_truth,known_truth_parameter_and_coupling_recovery,nonlinear_or_hidden_confounding_misspecification,hard_ot,heldout_coupling_relative_frobenius,0.33470536684371516,0.15110729970488526,15
B1_known_truth,known_truth_parameter_and_coupling_recovery,nonlinear_or_hidden_confounding_misspecification,hard_ot,pure_column_minimum_curvature,-1.1842378929335001e-10,3.9244834124143e-10,15
B1_known_truth,known_truth_parameter_and_coupling_recovery,nonlinear_or_hidden_confounding_misspecification,hard_ot,restart_direction_variance,0.08439290048739673,0.02615195661168767,15
B1_known_truth,known_truth_parameter_and_coupling_recovery,nonlinear_or_hidden_confounding_misspecification,soft_iot,coefficient_cosine,0.917709838691048,0.04407104006056254,15
B1_known_truth,known_truth_parameter_and_coupling_recovery,nonlinear_or_hidden_confounding_misspecification,soft_iot,coefficient_sign_accuracy,0.8333333333333334,0.1091089451179962,15
B1_known_truth,known_truth_parameter_and_coupling_recovery,nonlinear_or_hidden_confounding_misspecification,soft_iot,heldout_coupling_relative_frobenius,0.3393712558793337,0.1493812980660539,15
B1_known_truth,known_truth_parameter_and_coupling_recovery,nonlinear_or_hidden_confounding_misspecification,soft_iot,pure_column_minimum_curvature,0.23909542354871854,0.060881812531079126,15
B1_known_truth,known_truth_parameter_and_coupling_recovery,nonlinear_or_hidden_confounding_misspecification,soft_iot,restart_direction_variance,1.3786987993308172e-13,1.623321694025983e-13,15
B1_known_truth,known_truth_parameter_and_coupling_recovery,observation_noise_and_dropout,hard_ot,coefficient_cosine,0.3835880579322769,0.2868107445094384,15
B1_known_truth,known_truth_parameter_and_coupling_recovery,observation_noise_and_dropout,hard_ot,coefficient_sign_accuracy,0.7222222222222222,0.12062447740929098,15
B1_known_truth,known_truth_parameter_and_coupling_recovery,observation_noise_and_dropout,hard_ot,heldout_coupling_relative_frobenius,0.2061737988649225,0.07713056817281735,15
B1_known_truth,known_truth_parameter_and_coupling_recovery,observation_noise_and_dropout,hard_ot,pure_column_minimum_curvature,-5.921189464667501e-11,2.2932668186396039e-10,15
B1_known_truth,known_truth_parameter_and_coupling_recovery,observation_noise_and_dropout,hard_ot,restart_direction_variance,0.10301240418384851,0.03476804477171609,15
B1_known_truth,known_truth_parameter_and_coupling_recovery,observation_noise_and_dropout,soft_iot,coefficient_cosine,0.9782969859132201,0.014543399222989889,15
B1_known_truth,known_truth_parameter_and_coupling_recovery,observation_noise_and_dropout,soft_iot,coefficient_sign_accuracy,0.9444444444444445,0.08132500607904442,15
B1_known_truth,known_truth_parameter_and_coupling_recovery,observation_noise_and_dropout,soft_iot,heldout_coupling_relative_frobenius,0.08202749003975827,0.03152438196198285,15
B1_known_truth,known_truth_parameter_and_coupling_recovery,observation_noise_and_dropout,soft_iot,pure_column_minimum_curvature,0.2503089618540362,0.07281032328840338,15
B1_known_truth,known_truth_parameter_and_coupling_recovery,observation_noise_and_dropout,soft_iot,restart_direction_variance,2.713516031636952e-13,2.4234092575742424e-13,15
B1_known_truth,known_truth_parameter_and_coupling_recovery,shared_plus_context_offset,hard_ot,coefficient_cosine,0.29096107654183334,0.3933648822969426,15
B1_known_truth,known_truth_parameter_and_coupling_recovery,shared_plus_context_offset,hard_ot,coefficient_sign_accuracy,0.6444444444444444,0.207657634392991,15
B1_known_truth,known_truth_parameter_and_coupling_recovery,shared_plus_context_offset,hard_ot,heldout_coupling_relative_frobenius,0.04872146902929681,0.03435077030824232,15
B1_known_truth,known_truth_parameter_and_coupling_recovery,shared_plus_context_offset,hard_ot,pure_column_minimum_curvature,2.9605947323337503e-11,1.146633409319802e-10,15
B1_known_truth,known_truth_parameter_and_coupling_recovery,shared_plus_context_offset,hard_ot,restart_direction_variance,0.10451985325599754,0.03349677079890209,15
B1_known_truth,known_truth_parameter_and_coupling_recovery,shared_plus_context_offset,soft_iot,coefficient_cosine,0.9847057425949753,0.01494039456579278,15
B1_known_truth,known_truth_parameter_and_coupling_recovery,shared_plus_context_offset,soft_iot,coefficient_sign_accuracy,0.9888888888888889,0.04303314829119355,15
B1_known_truth,known_truth_parameter_and_coupling_recovery,shared_plus_context_offset,soft_iot,heldout_coupling_relative_frobenius,0.13212541352045387,0.04164908208834087,15
B1_known_truth,known_truth_parameter_and_coupling_recovery,shared_plus_context_offset,soft_iot,pure_column_minimum_curvature,0.21657729094570752,0.07007657962014424,15
B1_known_truth,known_truth_parameter_and_coupling_recovery,shared_plus_context_offset,soft_iot,restart_direction_variance,1.6022858897177088e-13,1.411615764217336e-13,15
B2_lineage_transition,transition_recovery,gse140802_t2_t16,UOT-IOT,coupling_relative_frobenius,0.9874996653580814,0.0,5
B2_lineage_transition,transition_recovery,gse140802_t2_t16,UOT-IOT,fate_pearson,0.6855422778990484,9.614813431917819e-17,5
B2_lineage_transition,transition_recovery,gse140802_t2_t16,UOT-IOT,fate_spearman,0.6123271951552456,0.003936048510995891,5
B2_lineage_transition,transition_recovery,gse140802_t2_t16,UOT-IOT,fate_top1_accuracy,0.55,0.0,5
B2_lineage_transition,transition_recovery,gse140802_t2_t16,UOT-IOT,transition_weighted_l1,0.0107461842228854,0.0,5
B2_lineage_transition,transition_recovery,gse140802_t2_t16,cellrank2,fate_pearson,0.67655602763955,,1
B2_lineage_transition,transition_recovery,gse140802_t2_t16,cellrank2,fate_spearman,0.5966825914669532,,1
B2_lineage_transition,transition_recovery,gse140802_t2_t16,cellrank2,fate_top1_accuracy,0.55,,1
B2_lineage_transition,transition_recovery,gse140802_t2_t16,lineageot,coupling_relative_frobenius,0.9933254747328308,,1
B2_lineage_transition,transition_recovery,gse140802_t2_t16,lineageot,fate_pearson,0.687769658266823,,1
B2_lineage_transition,transition_recovery,gse140802_t2_t16,lineageot,fate_spearman,0.6139979206853131,,1
B2_lineage_transition,transition_recovery,gse140802_t2_t16,lineageot,fate_top1_accuracy,0.55,,1
B2_lineage_transition,transition_recovery,gse140802_t2_t16,lineageot,transition_weighted_l1,0.06398321642589481,,1
B2_lineage_transition,transition_recovery,gse140802_t2_t16,mioflow,coupling_relative_frobenius,0.9933280078799394,0.00020280885656845846,5
B2_lineage_transition,transition_recovery,gse140802_t2_t16,mioflow,fate_pearson,0.6744131203077236,0.004936034400515542,5
B2_lineage_transition,transition_recovery,gse140802_t2_t16,mioflow,fate_spearman,0.6106790787588066,0.004831787243047142,5
B2_lineage_transition,transition_recovery,gse140802_t2_t16,mioflow,fate_top1_accuracy,0.55,0.0,5
B2_lineage_transition,transition_recovery,gse140802_t2_t16,mioflow,transition_weighted_l1,0.13643971489568213,0.010447295450055932,5
B2_lineage_transition,transition_recovery,gse140802_t2_t16,moscot,coupling_relative_frobenius,0.9933254747328308,,1
B2_lineage_transition,transition_recovery,gse140802_t2_t16,moscot,fate_pearson,0.6877696582668232,,1
B2_lineage_transition,transition_recovery,gse140802_t2_t16,moscot,fate_spearman,0.6139979206853131,,1
B2_lineage_transition,transition_recovery,gse140802_t2_t16,moscot,fate_top1_accuracy,0.55,,1
B2_lineage_transition,transition_recovery,gse140802_t2_t16,moscot,transition_weighted_l1,0.06398321642589498,,1
B2_lineage_transition,transition_recovery,gse140802_t2_t16,prescient,coupling_relative_frobenius,0.9893320815208156,0.0005730209145060552,5
B2_lineage_transition,transition_recovery,gse140802_t2_t16,prescient,fate_pearson,0.6841196920465021,0.0066870242091573205,5
B2_lineage_transition,transition_recovery,gse140802_t2_t16,prescient,fate_spearman,0.6035342973343714,0.00668364640214279,5
B2_lineage_transition,transition_recovery,gse140802_t2_t16,prescient,fate_top1_accuracy,0.55,0.0,5
B2_lineage_transition,transition_recovery,gse140802_t2_t16,prescient,transition_weighted_l1,0.029076818624841426,0.00640703704601432,5
B2_lineage_transition,transition_recovery,gse140802_t2_t16,tigon,coupling_relative_frobenius,0.9932713956345918,1.1997771857165266e-06,5
B2_lineage_transition,transition_recovery,gse140802_t2_t16,tigon,fate_pearson,0.6820009469161484,3.090013164525152e-05,5
B2_lineage_transition,transition_recovery,gse140802_t2_t16,tigon,fate_spearman,0.6087000461467799,0.002415099830062987,5
B2_lineage_transition,transition_recovery,gse140802_t2_t16,tigon,fate_top1_accuracy,0.55,0.0,5
B2_lineage_transition,transition_recovery,gse140802_t2_t16,tigon,transition_weighted_l1,0.10971550541041289,0.00010604178273936491,5
B2_lineage_transition,transition_recovery,gse140802_t2_t16,wot,coupling_relative_frobenius,0.993316708844632,,1
B2_lineage_transition,transition_recovery,gse140802_t2_t16,wot,fate_pearson,0.6877673287265326,,1
B2_lineage_transition,transition_recovery,gse140802_t2_t16,wot,fate_spearman,0.6139979206853131,,1
B2_lineage_transition,transition_recovery,gse140802_t2_t16,wot,fate_top1_accuracy,0.55,,1
B2_lineage_transition,transition_recovery,gse140802_t2_t16,wot,transition_weighted_l1,0.0634264230787114,,1
B2_lineage_transition,transition_recovery,gse140802_t2_t9,UOT-IOT,coupling_relative_frobenius,0.995808566288555,0.0,5
B2_lineage_transition,transition_recovery,gse140802_t2_t9,UOT-IOT,fate_pearson,0.5449431551874835,0.0,5
B2_lineage_transition,transition_recovery,gse140802_t2_t9,UOT-IOT,fate_spearman,0.535734202110792,0.000851957390369013,5
B2_lineage_transition,transition_recovery,gse140802_t2_t9,UOT-IOT,fate_top1_accuracy,0.5526315789473685,0.0,5
B2_lineage_transition,transition_recovery,gse140802_t2_t9,UOT-IOT,transition_weighted_l1,0.0150171352657198,0.0,5
B2_lineage_transition,transition_recovery,gse140802_t2_t9,cellrank2,fate_pearson,0.49974074260933526,,1
B2_lineage_transition,transition_recovery,gse140802_t2_t9,cellrank2,fate_spearman,0.49382603672138053,,1
B2_lineage_transition,transition_recovery,gse140802_t2_t9,cellrank2,fate_top1_accuracy,0.5526315789473685,,1
B2_lineage_transition,transition_recovery,gse140802_t2_t9,lineageot,coupling_relative_frobenius,0.9985046076760864,,1
B2_lineage_transition,transition_recovery,gse140802_t2_t9,lineageot,fate_pearson,0.5474099056098471,,1
B2_lineage_transition,transition_recovery,gse140802_t2_t9,lineageot,fate_spearman,0.535114767297792,,1
B2_lineage_transition,transition_recovery,gse140802_t2_t9,lineageot,fate_top1_accuracy,0.5526315789473685,,1
B2_lineage_transition,transition_recovery,gse140802_t2_t9,lineageot,transition_weighted_l1,0.08193419577073693,,1
B2_lineage_transition,transition_recovery,gse140802_t2_t9,mioflow,coupling_relative_frobenius,0.9979217042748669,0.00025923343887445754,5
B2_lineage_transition,transition_recovery,gse140802_t2_t9,mioflow,fate_pearson,0.5195367880207139,0.008456921800300034,5
B2_lineage_transition,transition_recovery,gse140802_t2_t9,mioflow,fate_spearman,0.5252167688315587,0.01181308060772981,5
B2_lineage_transition,transition_recovery,gse140802_t2_t9,mioflow,fate_top1_accuracy,0.49078947368421055,0.13828315124011858,5
B2_lineage_transition,transition_recovery,gse140802_t2_t9,mioflow,transition_weighted_l1,0.15373187758117735,0.024400794641836053,5
B2_lineage_transition,transition_recovery,gse140802_t2_t9,moscot,coupling_relative_frobenius,0.9985046076760864,,1
B2_lineage_transition,transition_recovery,gse140802_t2_t9,moscot,fate_pearson,0.5474099056098471,,1
B2_lineage_transition,transition_recovery,gse140802_t2_t9,moscot,fate_spearman,0.535114767297792,,1
B2_lineage_transition,transition_recovery,gse140802_t2_t9,moscot,fate_top1_accuracy,0.5526315789473685,,1
B2_lineage_transition,transition_recovery,gse140802_t2_t9,moscot,transition_weighted_l1,0.08193419577073678,,1
B2_lineage_transition,transition_recovery,gse140802_t2_t9,prescient,coupling_relative_frobenius,0.9970909453594643,0.00012821301556568818,5
B2_lineage_transition,transition_recovery,gse140802_t2_t9,prescient,fate_pearson,0.5442920465912023,0.0041693287251772775,5
B2_lineage_transition,transition_recovery,gse140802_t2_t9,prescient,fate_spearman,0.5324656505567875,0.004172102295138847,5
B2_lineage_transition,transition_recovery,gse140802_t2_t9,prescient,fate_top1_accuracy,0.5526315789473685,0.0,5
B2_lineage_transition,transition_recovery,gse140802_t2_t9,prescient,transition_weighted_l1,0.02555660533841822,0.004576726569292409,5
B2_lineage_transition,transition_recovery,gse140802_t2_t9,tigon,coupling_relative_frobenius,0.9982429287462246,1.0359485941539461e-06,5
B2_lineage_transition,transition_recovery,gse140802_t2_t9,tigon,fate_pearson,0.5244905736269637,7.692088282135213e-05,5
B2_lineage_transition,transition_recovery,gse140802_t2_t9,tigon,fate_spearman,0.5317710881541056,0.0010114594703821008,5
B2_lineage_transition,transition_recovery,gse140802_t2_t9,tigon,fate_top1_accuracy,0.5526315789473685,0.0,5
B2_lineage_transition,transition_recovery,gse140802_t2_t9,tigon,transition_weighted_l1,0.15246985743387026,0.00011506846417097002,5
B2_lineage_transition,transition_recovery,gse140802_t2_t9,wot,coupling_relative_frobenius,0.9985001033741996,,1
B2_lineage_transition,transition_recovery,gse140802_t2_t9,wot,fate_pearson,0.5474001244314879,,1
B2_lineage_transition,transition_recovery,gse140802_t2_t9,wot,fate_spearman,0.5319530890326584,,1
B2_lineage_transition,transition_recovery,gse140802_t2_t9,wot,fate_top1_accuracy,0.5526315789473685,,1
B2_lineage_transition,transition_recovery,gse140802_t2_t9,wot,transition_weighted_l1,0.08270910860975397,,1
B2_lineage_transition,transition_recovery,gse239651_transition_panel,UOT-IOT,coupling_relative_frobenius,0.998190310883319,2.0377738760136675e-11,5
B2_lineage_transition,transition_recovery,gse239651_transition_panel,UOT-IOT,fate_pearson,0.4787361225673896,2.8342317665357494e-08,5
B2_lineage_transition,transition_recovery,gse239651_transition_panel,UOT-IOT,fate_spearman,0.5113433782207109,0.0005048265722533245,5
B2_lineage_transition,transition_recovery,gse239651_transition_panel,UOT-IOT,fate_top1_accuracy,0.3962703962703963,0.0,5
B2_lineage_transition,transition_recovery,gse239651_transition_panel,UOT-IOT,transition_weighted_l1,0.09511548397510813,1.2744270300054329e-07,5
B2_lineage_transition,transition_recovery,gse239651_transition_panel,cellrank2,fate_pearson,0.2924215843399057,,1
B2_lineage_transition,transition_recovery,gse239651_transition_panel,cellrank2,fate_spearman,0.357601455695145,,1
B2_lineage_transition,transition_recovery,gse239651_transition_panel,cellrank2,fate_top1_accuracy,0.351981351981352,,1
B2_lineage_transition,transition_recovery,gse239651_transition_panel,lineageot,coupling_relative_frobenius,1.0026475896743297,,1
B2_lineage_transition,transition_recovery,gse239651_transition_panel,lineageot,fate_pearson,0.28934723571195303,,1
B2_lineage_transition,transition_recovery,gse239651_transition_panel,lineageot,fate_spearman,0.37619952262593126,,1
B2_lineage_transition,transition_recovery,gse239651_transition_panel,lineageot,fate_top1_accuracy,0.28205128205128205,,1
B2_lineage_transition,transition_recovery,gse239651_transition_panel,lineageot,transition_weighted_l1,0.5289717795563629,,1
B2_lineage_transition,transition_recovery,gse239651_transition_panel,mioflow,coupling_relative_frobenius,0.9991050895572242,7.310001881571595e-05,5
B2_lineage_transition,transition_recovery,gse239651_transition_panel,mioflow,fate_pearson,0.4389497756493119,0.026885668892180865,5
B2_lineage_transition,transition_recovery,gse239651_transition_panel,mioflow,fate_spearman,0.4935772472798122,0.012290911820795513,5
B2_lineage_transition,transition_recovery,gse239651_transition_panel,mioflow,fate_top1_accuracy,0.30769230769230765,0.037945968755477164,5
B2_lineage_transition,transition_recovery,gse239651_transition_panel,mioflow,transition_weighted_l1,0.1353675576066789,0.03515090364426806,5
B2_lineage_transition,transition_recovery,gse239651_transition_panel,moscot,coupling_relative_frobenius,1.0022205766976557,,1
B2_lineage_transition,transition_recovery,gse239651_transition_panel,moscot,fate_pearson,0.291872157616353,,1
B2_lineage_transition,transition_recovery,gse239651_transition_panel,moscot,fate_spearman,0.38784344981661156,,1
B2_lineage_transition,transition_recovery,gse239651_transition_panel,moscot,fate_top1_accuracy,0.28205128205128205,,1
B2_lineage_transition,transition_recovery,gse239651_transition_panel,moscot,transition_weighted_l1,0.5249415568089765,,1
B2_lineage_transition,transition_recovery,gse239651_transition_panel,prescient,coupling_relative_frobenius,0.9989942880986096,1.8591647199089316e-05,5
B2_lineage_transition,transition_recovery,gse239651_transition_panel,prescient,fate_pearson,0.42605579103167096,0.0019745433327251686,5
B2_lineage_transition,transition_recovery,gse239651_transition_panel,prescient,fate_spearman,0.5015309194775108,0.002083671293423508,5
B2_lineage_transition,transition_recovery,gse239651_transition_panel,prescient,fate_top1_accuracy,0.29044289044289046,0.0072971915349643555,5
B2_lineage_transition,transition_recovery,gse239651_transition_panel,prescient,transition_weighted_l1,0.25863166020486517,0.001874497879398332,5
B2_lineage_transition,transition_recovery,gse239651_transition_panel,tigon,coupling_relative_frobenius,0.9991496789820081,9.947131235077533e-06,5
B2_lineage_transition,transition_recovery,gse239651_transition_panel,tigon,fate_pearson,0.41299068620262325,0.0011137116857606413,5
B2_lineage_transition,transition_recovery,gse239651_transition_panel,tigon,fate_spearman,0.5016317674250359,0.00014137156544679388,5
B2_lineage_transition,transition_recovery,gse239651_transition_panel,tigon,fate_top1_accuracy,0.2862470862470862,0.0062547356013979965,5
B2_lineage_transition,transition_recovery,gse239651_transition_panel,tigon,transition_weighted_l1,0.29884197392884,0.0016348251323386907,5
B2_lineage_transition,transition_recovery,gse239651_transition_panel,wot,coupling_relative_frobenius,1.0054741329829409,,1
B2_lineage_transition,transition_recovery,gse239651_transition_panel,wot,fate_pearson,0.2829156431995213,,1
B2_lineage_transition,transition_recovery,gse239651_transition_panel,wot,fate_spearman,0.38966389484292985,,1
B2_lineage_transition,transition_recovery,gse239651_transition_panel,wot,fate_top1_accuracy,0.2727272727272727,,1
B2_lineage_transition,transition_recovery,gse239651_transition_panel,wot,transition_weighted_l1,0.5622235992510631,,1
B2_lineage_transition,transition_recovery,macsgestalt_transition_panel,UOT-IOT,coupling_relative_frobenius,0.8021728498808643,1.0412525836171215e-09,5
B2_lineage_transition,transition_recovery,macsgestalt_transition_panel,UOT-IOT,fate_pearson,0.40371340127036726,5.718267359621588e-09,5
B2_lineage_transition,transition_recovery,macsgestalt_transition_panel,UOT-IOT,fate_spearman,0.4090348190492688,0.00035338883791670114,5
B2_lineage_transition,transition_recovery,macsgestalt_transition_panel,UOT-IOT,fate_top1_accuracy,0.5476190476190477,0.0,5
B2_lineage_transition,transition_recovery,macsgestalt_transition_panel,UOT-IOT,transition_weighted_l1,0.33220853648992776,1.0753055323345099e-09,5
B2_lineage_transition,transition_recovery,macsgestalt_transition_panel,cellrank2,fate_pearson,0.6633623991223192,,1
B2_lineage_transition,transition_recovery,macsgestalt_transition_panel,cellrank2,fate_spearman,0.47240906047354825,,1
B2_lineage_transition,transition_recovery,macsgestalt_transition_panel,cellrank2,fate_top1_accuracy,0.7380952380952381,,1
B2_lineage_transition,transition_recovery,macsgestalt_transition_panel,lineageot,coupling_relative_frobenius,0.9901266067096133,,1
B2_lineage_transition,transition_recovery,macsgestalt_transition_panel,lineageot,fate_pearson,0.6789880726002673,,1
B2_lineage_transition,transition_recovery,macsgestalt_transition_panel,lineageot,fate_spearman,0.5499124508501396,,1
B2_lineage_transition,transition_recovery,macsgestalt_transition_panel,lineageot,fate_top1_accuracy,0.7619047619047619,,1
B2_lineage_transition,transition_recovery,macsgestalt_transition_panel,lineageot,transition_weighted_l1,0.7130570022441368,,1
B2_lineage_transition,transition_recovery,macsgestalt_transition_panel,mioflow,coupling_relative_frobenius,1.0002597481860251,0.005073424223544034,5
B2_lineage_transition,transition_recovery,macsgestalt_transition_panel,mioflow,fate_pearson,0.42590481714477557,0.046704096673353145,5
B2_lineage_transition,transition_recovery,macsgestalt_transition_panel,mioflow,fate_spearman,0.41272778939498245,0.021953939520567137,5
B2_lineage_transition,transition_recovery,macsgestalt_transition_panel,mioflow,fate_top1_accuracy,0.5047619047619047,0.04259177099999604,5
B2_lineage_transition,transition_recovery,macsgestalt_transition_panel,mioflow,transition_weighted_l1,1.2850673016612402,0.06351512962945886,5
B2_lineage_transition,transition_recovery,macsgestalt_transition_panel,moscot,coupling_relative_frobenius,0.9839620929046672,,1
B2_lineage_transition,transition_recovery,macsgestalt_transition_panel,moscot,fate_pearson,0.678623130018003,,1
B2_lineage_transition,transition_recovery,macsgestalt_transition_panel,moscot,fate_spearman,0.565228977424694,,1
B2_lineage_transition,transition_recovery,macsgestalt_transition_panel,moscot,fate_top1_accuracy,0.7619047619047619,,1
B2_lineage_transition,transition_recovery,macsgestalt_transition_panel,moscot,transition_weighted_l1,0.7191109716690901,,1
B2_lineage_transition,transition_recovery,macsgestalt_transition_panel,prescient,coupling_relative_frobenius,0.9263905583281102,0.005605190687552941,5
B2_lineage_transition,transition_recovery,macsgestalt_transition_panel,prescient,fate_pearson,0.7443772981588539,0.0043777160070941215,5
B2_lineage_transition,transition_recovery,macsgestalt_transition_panel,prescient,fate_spearman,0.6119223343602698,0.0066742037093723205,5
B2_lineage_transition,transition_recovery,macsgestalt_transition_panel,prescient,fate_top1_accuracy,0.780952380952381,0.010647942749999013,5
B2_lineage_transition,transition_recovery,macsgestalt_transition_panel,prescient,transition_weighted_l1,0.7161335456707668,0.03250242163350358,5
B2_lineage_transition,transition_recovery,macsgestalt_transition_panel,tigon,coupling_relative_frobenius,0.9399080108417557,0.013166797719349919,5
B2_lineage_transition,transition_recovery,macsgestalt_transition_panel,tigon,fate_pearson,0.7393945391568394,0.011970912314135149,5
B2_lineage_transition,transition_recovery,macsgestalt_transition_panel,tigon,fate_spearman,0.6145556641155824,0.0031098915969666493,5
B2_lineage_transition,transition_recovery,macsgestalt_transition_panel,tigon,fate_top1_accuracy,0.7857142857142857,0.02380952380952385,5
B2_lineage_transition,transition_recovery,macsgestalt_transition_panel,tigon,transition_weighted_l1,0.7902932676061096,0.09497992012364859,5
B2_lineage_transition,transition_recovery,macsgestalt_transition_panel,wot,coupling_relative_frobenius,0.9845342777272762,,1
B2_lineage_transition,transition_recovery,macsgestalt_transition_panel,wot,fate_pearson,0.6996693958746467,,1
B2_lineage_transition,transition_recovery,macsgestalt_transition_panel,wot,fate_spearman,0.5498813965385022,,1
B2_lineage_transition,transition_recovery,macsgestalt_transition_panel,wot,fate_top1_accuracy,0.7619047619047619,,1
B2_lineage_transition,transition_recovery,macsgestalt_transition_panel,wot,transition_weighted_l1,0.6528142047500569,,1
B3_prospective_composition,clone_level_future_state_composition,GSE239651_expt1,PERSIST-IOT,brier_score,0.2851258100055829,,1
B3_prospective_composition,clone_level_future_state_composition,GSE239651_expt1,PERSIST-IOT,cross_entropy,1.0370164120742835,,1
B3_prospective_composition,clone_level_future_state_composition,GSE239651_expt1,PERSIST-IOT,expected_calibration_error,0.0887882896405101,,1
B3_prospective_composition,clone_level_future_state_composition,GSE239651_expt1,PERSIST-IOT,sinkhorn_divergence,0.1024034576297865,,1
B3_prospective_composition,clone_level_future_state_composition,GSE239651_expt1,PERSIST-IOT,top1_accuracy,0.6443394288062462,,1
B3_prospective_composition,clone_level_future_state_composition,GSE239651_expt1,PERSIST-no-IOT,brier_score,0.5164761222815634,,1
B3_prospective_composition,clone_level_future_state_composition,GSE239651_expt1,PERSIST-no-IOT,cross_entropy,6.955561833086343,,1
B3_prospective_composition,clone_level_future_state_composition,GSE239651_expt1,PERSIST-no-IOT,expected_calibration_error,0.2392807832146085,,1
B3_prospective_composition,clone_level_future_state_composition,GSE239651_expt1,PERSIST-no-IOT,sinkhorn_divergence,0.1784467192593128,,1
B3_prospective_composition,clone_level_future_state_composition,GSE239651_expt1,PERSIST-no-IOT,top1_accuracy,0.4970207520032874,,1
B3_prospective_composition,clone_level_future_state_composition,GSE239651_expt2,PERSIST-IOT,brier_score,0.3592909630817728,,1
B3_prospective_composition,clone_level_future_state_composition,GSE239651_expt2,PERSIST-IOT,cross_entropy,0.9859026620053872,,1
B3_prospective_composition,clone_level_future_state_composition,GSE239651_expt2,PERSIST-IOT,expected_calibration_error,0.0915102460671916,,1
B3_prospective_composition,clone_level_future_state_composition,GSE239651_expt2,PERSIST-IOT,sinkhorn_divergence,0.1110045964504361,,1
B3_prospective_composition,clone_level_future_state_composition,GSE239651_expt2,PERSIST-IOT,top1_accuracy,0.6819870648135407,,1
B3_prospective_composition,clone_level_future_state_composition,GSE239651_expt2,PERSIST-no-IOT,brier_score,0.597281963260918,,1
B3_prospective_composition,clone_level_future_state_composition,GSE239651_expt2,PERSIST-no-IOT,cross_entropy,6.549742700206335,,1
B3_prospective_composition,clone_level_future_state_composition,GSE239651_expt2,PERSIST-no-IOT,expected_calibration_error,0.2342588619523692,,1
B3_prospective_composition,clone_level_future_state_composition,GSE239651_expt2,PERSIST-no-IOT,sinkhorn_divergence,0.1965103520808689,,1
B3_prospective_composition,clone_level_future_state_composition,GSE239651_expt2,PERSIST-no-IOT,top1_accuracy,0.475024081464153,,1
B3_prospective_composition,population_future_state_composition,GSE140802,development-target-transfer,cross_entropy,1.6779317207424813,0.19276782136456633,10
B3_prospective_composition,population_future_state_composition,GSE140802,development-target-transfer,multiclass_brier,0.03385073071027669,0.01630419862142454,10
B3_prospective_composition,population_future_state_composition,GSE140802,development-target-transfer,sinkhorn_divergence,0.3535727058277312,0.10085938159181645,10
B3_prospective_composition,population_future_state_composition,GSE140802,development-target-transfer,top1_accuracy,0.7,0.48304589153964794,10
B3_prospective_composition,population_future_state_composition,GSE140802,mioflow,cross_entropy,2.2603084941492146,0.4513975139843569,50
B3_prospective_composition,population_future_state_composition,GSE140802,mioflow,multiclass_brier,0.20976370379994222,0.09505266615914575,50
B3_prospective_composition,population_future_state_composition,GSE140802,mioflow,sinkhorn_divergence,0.7851983919331224,0.15932976884128494,50
B3_prospective_composition,population_future_state_composition,GSE140802,mioflow,top1_accuracy,0.1,0.30304576336566325,50
B3_prospective_composition,population_future_state_composition,GSE140802,prescient,cross_entropy,1.6665766596309768,0.1925259147452016,50
B3_prospective_composition,population_future_state_composition,GSE140802,prescient,multiclass_brier,0.026193999445898418,0.0137124744370351,50
B3_prospective_composition,population_future_state_composition,GSE140802,prescient,sinkhorn_divergence,0.32017162028894686,0.07732634828896918,50
B3_prospective_composition,population_future_state_composition,GSE140802,prescient,top1_accuracy,0.7,0.4629100498862757,50
B3_prospective_composition,population_future_state_composition,GSE140802,source-carry-forward,cross_entropy,23.515836079059564,2.0495299633845123,10
B3_prospective_composition,population_future_state_composition,GSE140802,source-carry-forward,multiclass_brier,0.9544112697906281,0.20910903312401638,10
B3_prospective_composition,population_future_state_composition,GSE140802,source-carry-forward,sinkhorn_divergence,1.7021329744128284,0.14834992559887789,10
B3_prospective_composition,population_future_state_composition,GSE140802,source-carry-forward,top1_accuracy,0.1,0.31622776601683794,10
B3_prospective_composition,population_future_state_composition,GSE140802,tigon,cross_entropy,14.132116485232414,4.227780444427963,50
B3_prospective_composition,population_future_state_composition,GSE140802,tigon,multiclass_brier,0.9411722337188855,0.19877819935313354,50
B3_prospective_composition,population_future_state_composition,GSE140802,tigon,sinkhorn_divergence,1.689283994762697,0.1415848627959088,50
B3_prospective_composition,population_future_state_composition,GSE140802,tigon,top1_accuracy,0.1,0.30304576336566325,50
B3_prospective_composition,population_future_state_composition,GSE239651_expt2,development-target-transfer,cross_entropy,0.8595977570974604,0.125599683170365,8
B3_prospective_composition,population_future_state_composition,GSE239651_expt2,development-target-transfer,multiclass_brier,0.019842612157282363,0.015454240234744027,8
B3_prospective_composition,population_future_state_composition,GSE239651_expt2,development-target-transfer,sinkhorn_divergence,0.03527001013393364,0.021015396786372858,8
B3_prospective_composition,population_future_state_composition,GSE239651_expt2,development-target-transfer,top1_accuracy,0.875,0.3535533905932738,8
B3_prospective_composition,population_future_state_composition,GSE239651_expt2,mioflow,cross_entropy,0.8816320254169113,0.11749961252786995,40
B3_prospective_composition,population_future_state_composition,GSE239651_expt2,mioflow,multiclass_brier,0.02986224757573893,0.030923927646692502,40
B3_prospective_composition,population_future_state_composition,GSE239651_expt2,mioflow,sinkhorn_divergence,0.04966375051217081,0.021622372926557103,40
B3_prospective_composition,population_future_state_composition,GSE239651_expt2,mioflow,top1_accuracy,1.0,0.0,40
B3_prospective_composition,population_future_state_composition,GSE239651_expt2,prescient,cross_entropy,0.9256384706333959,0.0892933142222967,40
B3_prospective_composition,population_future_state_composition,GSE239651_expt2,prescient,multiclass_brier,0.06399835717181615,0.051625661524550275,40
B3_prospective_composition,population_future_state_composition,GSE239651_expt2,prescient,sinkhorn_divergence,0.07745108700970287,0.021107708584300593,40
B3_prospective_composition,population_future_state_composition,GSE239651_expt2,prescient,top1_accuracy,1.0,0.0,40
B3_prospective_composition,population_future_state_composition,GSE239651_expt2,source-carry-forward,cross_entropy,0.9674016362881876,0.07106618202779164,8
B3_prospective_composition,population_future_state_composition,GSE239651_expt2,source-carry-forward,multiclass_brier,0.12727498501251794,0.08485381782486158,8
B3_prospective_composition,population_future_state_composition,GSE239651_expt2,source-carry-forward,sinkhorn_divergence,0.05363627966167553,0.024364205722278893,8
B3_prospective_composition,population_future_state_composition,GSE239651_expt2,source-carry-forward,top1_accuracy,1.0,0.0,8
B3_prospective_composition,population_future_state_composition,GSE239651_expt2,tigon,cross_entropy,0.9690627141585262,0.06642331928835227,40
B3_prospective_composition,population_future_state_composition,GSE239651_expt2,tigon,multiclass_brier,0.12610631408747128,0.08008971958764499,40
B3_prospective_composition,population_future_state_composition,GSE239651_expt2,tigon,sinkhorn_divergence,0.05695238345973728,0.023002286095368394,40
B3_prospective_composition,population_future_state_composition,GSE239651_expt2,tigon,top1_accuracy,1.0,0.0,40
