benchmark,dataset,method,seed,runtime_seconds,peak_memory_gb,status,artifact
B1_known_truth,identifiable_soft_marginal,soft_iot,20260916.0,0.963803000000098,,success,
B1_known_truth,identifiable_soft_marginal,hard_ot,20260916.0,0.1392136999998001,,success,
B1_known_truth,identifiable_soft_marginal,soft_iot,20260917.0,1.132093400000031,,success,
B1_known_truth,identifiable_soft_marginal,hard_ot,20260917.0,0.1504667000003792,,success,
B1_known_truth,identifiable_soft_marginal,soft_iot,20260918.0,1.0148684000000685,,success,
B1_known_truth,identifiable_soft_marginal,hard_ot,20260918.0,0.1824176000000079,,success,
B1_known_truth,identifiable_soft_marginal,soft_iot,20260919.0,0.96355850000009,,success,
B1_known_truth,identifiable_soft_marginal,hard_ot,20260919.0,0.1000410000001466,,success,
B1_known_truth,identifiable_soft_marginal,soft_iot,20260920.0,0.8907831000001352,,success,
B1_known_truth,identifiable_soft_marginal,hard_ot,20260920.0,0.1080259000000296,,success,
B1_known_truth,identifiable_soft_marginal,soft_iot,20260916.0,1.0275094999997236,,success,
B1_known_truth,identifiable_soft_marginal,hard_ot,20260916.0,0.1905112999997982,,success,
B1_known_truth,identifiable_soft_marginal,soft_iot,20260917.0,1.0609501000003547,,success,
B1_known_truth,identifiable_soft_marginal,hard_ot,20260917.0,0.1462578999999095,,success,
B1_known_truth,identifiable_soft_marginal,soft_iot,20260918.0,0.9338363000001664,,success,
B1_known_truth,identifiable_soft_marginal,hard_ot,20260918.0,0.1552415999999539,,success,
B1_known_truth,identifiable_soft_marginal,soft_iot,20260919.0,1.0084128000003147,,success,
B1_known_truth,identifiable_soft_marginal,hard_ot,20260919.0,0.0984231999996154,,success,
B1_known_truth,identifiable_soft_marginal,soft_iot,20260920.0,0.8803312000000005,,success,
B1_known_truth,identifiable_soft_marginal,hard_ot,20260920.0,0.0869949999996606,,success,
B1_known_truth,identifiable_soft_marginal,soft_iot,20260916.0,0.945737800000188,,success,
B1_known_truth,identifiable_soft_marginal,hard_ot,20260916.0,0.1422238999998626,,success,
B1_known_truth,identifiable_soft_marginal,soft_iot,20260917.0,0.9946180000001732,,success,
B1_known_truth,identifiable_soft_marginal,hard_ot,20260917.0,0.1672464999996918,,success,
B1_known_truth,identifiable_soft_marginal,soft_iot,20260918.0,0.9884000000001834,,success,
B1_known_truth,identifiable_soft_marginal,hard_ot,20260918.0,0.1465640000001258,,success,
B1_known_truth,identifiable_soft_marginal,soft_iot,20260919.0,1.016133500000251,,success,
B1_known_truth,identifiable_soft_marginal,hard_ot,20260919.0,0.1013747000001785,,success,
B1_known_truth,identifiable_soft_marginal,soft_iot,20260920.0,0.9297907999998642,,success,
B1_known_truth,identifiable_soft_marginal,hard_ot,20260920.0,0.0945558999997047,,success,
B1_known_truth,hard_marginal_flat_direction,soft_iot,20260916.0,1.5232843999997383,,success,
B1_known_truth,hard_marginal_flat_direction,hard_ot,20260916.0,0.2748335000001134,,success,
B1_known_truth,hard_marginal_flat_direction,soft_iot,20260917.0,1.5501485000004325,,success,
B1_known_truth,hard_marginal_flat_direction,hard_ot,20260917.0,0.2171367000000827,,success,
B1_known_truth,hard_marginal_flat_direction,soft_iot,20260918.0,1.3613313000000744,,success,
B1_known_truth,hard_marginal_flat_direction,hard_ot,20260918.0,0.2224190000001726,,success,
B1_known_truth,hard_marginal_flat_direction,soft_iot,20260919.0,1.1765565000000606,,success,
B1_known_truth,hard_marginal_flat_direction,hard_ot,20260919.0,0.1316170000000056,,success,
B1_known_truth,hard_marginal_flat_direction,soft_iot,20260920.0,1.1393797000000632,,success,
B1_known_truth,hard_marginal_flat_direction,hard_ot,20260920.0,0.1126588000001902,,success,
B1_known_truth,hard_marginal_flat_direction,soft_iot,20260916.0,1.1556378999998742,,success,
B1_known_truth,hard_marginal_flat_direction,hard_ot,20260916.0,0.1678867000000536,,success,
B1_known_truth,hard_marginal_flat_direction,soft_iot,20260917.0,1.0604648999997153,,success,
B1_known_truth,hard_marginal_flat_direction,hard_ot,20260917.0,0.1387133999996876,,success,
B1_known_truth,hard_marginal_flat_direction,soft_iot,20260918.0,1.0904113000001416,,success,
B1_known_truth,hard_marginal_flat_direction,hard_ot,20260918.0,0.160927299999912,,success,
B1_known_truth,hard_marginal_flat_direction,soft_iot,20260919.0,0.972682700000405,,success,
B1_known_truth,hard_marginal_flat_direction,hard_ot,20260919.0,0.1193326000002343,,success,
B1_known_truth,hard_marginal_flat_direction,soft_iot,20260920.0,1.0363537000002907,,success,
B1_known_truth,hard_marginal_flat_direction,hard_ot,20260920.0,0.0963798000002498,,success,
B1_known_truth,hard_marginal_flat_direction,soft_iot,20260916.0,0.9835258000002796,,success,
B1_known_truth,hard_marginal_flat_direction,hard_ot,20260916.0,0.1285948999998254,,success,
B1_known_truth,hard_marginal_flat_direction,soft_iot,20260917.0,1.0423848000000362,,success,
B1_known_truth,hard_marginal_flat_direction,hard_ot,20260917.0,0.1711081999997077,,success,
B1_known_truth,hard_marginal_flat_direction,soft_iot,20260918.0,1.0388536000000386,,success,
B1_known_truth,hard_marginal_flat_direction,hard_ot,20260918.0,0.159653299999718,,success,
B1_known_truth,hard_marginal_flat_direction,soft_iot,20260919.0,1.0565594999998211,,success,
B1_known_truth,hard_marginal_flat_direction,hard_ot,20260919.0,0.1007915999998658,,success,
B1_known_truth,hard_marginal_flat_direction,soft_iot,20260920.0,0.9896129000003384,,success,
B1_known_truth,hard_marginal_flat_direction,hard_ot,20260920.0,0.1319333000001279,,success,
B1_known_truth,equivalent_fit_multiple_parameters,soft_iot,20260916.0,1.07515420000027,,success,
B1_known_truth,equivalent_fit_multiple_parameters,hard_ot,20260916.0,0.0828166999999666,,success,
B1_known_truth,equivalent_fit_multiple_parameters,soft_iot,20260917.0,0.9713815000000068,,success,
B1_known_truth,equivalent_fit_multiple_parameters,hard_ot,20260917.0,0.1086900999998761,,success,
B1_known_truth,equivalent_fit_multiple_parameters,soft_iot,20260918.0,0.8395845000000008,,success,
B1_known_truth,equivalent_fit_multiple_parameters,hard_ot,20260918.0,0.0948812999999972,,success,
B1_known_truth,equivalent_fit_multiple_parameters,soft_iot,20260919.0,1.1241503999999622,,success,
B1_known_truth,equivalent_fit_multiple_parameters,hard_ot,20260919.0,0.1172025000000758,,success,
B1_known_truth,equivalent_fit_multiple_parameters,soft_iot,20260920.0,1.0202758999998878,,success,
B1_known_truth,equivalent_fit_multiple_parameters,hard_ot,20260920.0,0.1098799000001236,,success,
B1_known_truth,equivalent_fit_multiple_parameters,soft_iot,20260916.0,1.0049973999998656,,success,
B1_known_truth,equivalent_fit_multiple_parameters,hard_ot,20260916.0,0.1029505999999855,,success,
B1_known_truth,equivalent_fit_multiple_parameters,soft_iot,20260917.0,1.0348675000000185,,success,
B1_known_truth,equivalent_fit_multiple_parameters,hard_ot,20260917.0,0.1132460000003448,,success,
B1_known_truth,equivalent_fit_multiple_parameters,soft_iot,20260918.0,0.920255100000304,,success,
B1_known_truth,equivalent_fit_multiple_parameters,hard_ot,20260918.0,0.0879520999997112,,success,
B1_known_truth,equivalent_fit_multiple_parameters,soft_iot,20260919.0,1.1910577000003286,,success,
B1_known_truth,equivalent_fit_multiple_parameters,hard_ot,20260919.0,0.122143799999776,,success,
B1_known_truth,equivalent_fit_multiple_parameters,soft_iot,20260920.0,0.9830117999999856,,success,
B1_known_truth,equivalent_fit_multiple_parameters,hard_ot,20260920.0,0.0942646000003151,,success,
B1_known_truth,equivalent_fit_multiple_parameters,soft_iot,20260916.0,0.9429312000002028,,success,
B1_known_truth,equivalent_fit_multiple_parameters,hard_ot,20260916.0,0.0865029000001413,,success,
B1_known_truth,equivalent_fit_multiple_parameters,soft_iot,20260917.0,0.9786874000001262,,success,
B1_known_truth,equivalent_fit_multiple_parameters,hard_ot,20260917.0,0.1116302999998879,,success,
B1_known_truth,equivalent_fit_multiple_parameters,soft_iot,20260918.0,0.8395958000000974,,success,
B1_known_truth,equivalent_fit_multiple_parameters,hard_ot,20260918.0,0.0872058999998444,,success,
B1_known_truth,equivalent_fit_multiple_parameters,soft_iot,20260919.0,1.0072248999999829,,success,
B1_known_truth,equivalent_fit_multiple_parameters,hard_ot,20260919.0,0.1041626000001088,,success,
B1_known_truth,equivalent_fit_multiple_parameters,soft_iot,20260920.0,1.184292199999618,,success,
B1_known_truth,equivalent_fit_multiple_parameters,hard_ot,20260920.0,0.1108207000002039,,success,
B1_known_truth,shared_plus_context_offset,soft_iot,20260916.0,1.1123382999999194,,success,
B1_known_truth,shared_plus_context_offset,hard_ot,20260916.0,0.1654218999997283,,success,
B1_known_truth,shared_plus_context_offset,soft_iot,20260917.0,1.1023595999999998,,success,
B1_known_truth,shared_plus_context_offset,hard_ot,20260917.0,0.2124383000000307,,success,
B1_known_truth,shared_plus_context_offset,soft_iot,20260918.0,1.051800800000365,,success,
B1_known_truth,shared_plus_context_offset,hard_ot,20260918.0,0.1991322000003492,,success,
B1_known_truth,shared_plus_context_offset,soft_iot,20260919.0,1.0626346999997622,,success,
B1_known_truth,shared_plus_context_offset,hard_ot,20260919.0,0.1177881999997225,,success,
B1_known_truth,shared_plus_context_offset,soft_iot,20260920.0,1.0025394999997843,,success,
B1_known_truth,shared_plus_context_offset,hard_ot,20260920.0,0.1008627999999589,,success,
B1_known_truth,shared_plus_context_offset,soft_iot,20260916.0,0.9982817000000068,,success,
B1_known_truth,shared_plus_context_offset,hard_ot,20260916.0,0.1455492000000049,,success,
B1_known_truth,shared_plus_context_offset,soft_iot,20260917.0,1.02074599999969,,success,
B1_known_truth,shared_plus_context_offset,hard_ot,20260917.0,0.1568135000002257,,success,
B1_known_truth,shared_plus_context_offset,soft_iot,20260918.0,0.8786196999999447,,success,
B1_known_truth,shared_plus_context_offset,hard_ot,20260918.0,0.1371281000001545,,success,
B1_known_truth,shared_plus_context_offset,soft_iot,20260919.0,1.0219849000000067,,success,
B1_known_truth,shared_plus_context_offset,hard_ot,20260919.0,0.1076626999997643,,success,
B1_known_truth,shared_plus_context_offset,soft_iot,20260920.0,0.9431463000000804,,success,
B1_known_truth,shared_plus_context_offset,hard_ot,20260920.0,0.085291600000346,,success,
B1_known_truth,shared_plus_context_offset,soft_iot,20260916.0,0.9935421999998651,,success,
B1_known_truth,shared_plus_context_offset,hard_ot,20260916.0,0.1351744000003236,,success,
B1_known_truth,shared_plus_context_offset,soft_iot,20260917.0,0.963337700000011,,success,
B1_known_truth,shared_plus_context_offset,hard_ot,20260917.0,0.1563703000001624,,success,
B1_known_truth,shared_plus_context_offset,soft_iot,20260918.0,0.9668118999998114,,success,
B1_known_truth,shared_plus_context_offset,hard_ot,20260918.0,0.1507541000000856,,success,
B1_known_truth,shared_plus_context_offset,soft_iot,20260919.0,1.0804274999995869,,success,
B1_known_truth,shared_plus_context_offset,hard_ot,20260919.0,0.0913902999996025,,success,
B1_known_truth,shared_plus_context_offset,soft_iot,20260920.0,1.0419104000002335,,success,
B1_known_truth,shared_plus_context_offset,hard_ot,20260920.0,0.0908484999999927,,success,
B1_known_truth,observation_noise_and_dropout,soft_iot,20260916.0,1.0358581000000413,,success,
B1_known_truth,observation_noise_and_dropout,hard_ot,20260916.0,0.1563836000000265,,success,
B1_known_truth,observation_noise_and_dropout,soft_iot,20260917.0,0.9919863999998596,,success,
B1_known_truth,observation_noise_and_dropout,hard_ot,20260917.0,0.133145599999807,,success,
B1_known_truth,observation_noise_and_dropout,soft_iot,20260918.0,1.0540828999996847,,success,
B1_known_truth,observation_noise_and_dropout,hard_ot,20260918.0,0.1892931000002136,,success,
B1_known_truth,observation_noise_and_dropout,soft_iot,20260919.0,1.068597899999986,,success,
B1_known_truth,observation_noise_and_dropout,hard_ot,20260919.0,0.1380479999997987,,success,
B1_known_truth,observation_noise_and_dropout,soft_iot,20260920.0,1.0296806000001195,,success,
B1_known_truth,observation_noise_and_dropout,hard_ot,20260920.0,0.1098606999998992,,success,
B1_known_truth,observation_noise_and_dropout,soft_iot,20260916.0,1.0135543000001237,,success,
B1_known_truth,observation_noise_and_dropout,hard_ot,20260916.0,0.1671473999999762,,success,
B1_known_truth,observation_noise_and_dropout,soft_iot,20260917.0,1.0352265000001353,,success,
B1_known_truth,observation_noise_and_dropout,hard_ot,20260917.0,0.1598726000001988,,success,
B1_known_truth,observation_noise_and_dropout,soft_iot,20260918.0,1.039399499999945,,success,
B1_known_truth,observation_noise_and_dropout,hard_ot,20260918.0,0.1720463000001473,,success,
B1_known_truth,observation_noise_and_dropout,soft_iot,20260919.0,0.999287699999968,,success,
B1_known_truth,observation_noise_and_dropout,hard_ot,20260919.0,0.1218624000002819,,success,
B1_known_truth,observation_noise_and_dropout,soft_iot,20260920.0,1.0551024999999754,,success,
B1_known_truth,observation_noise_and_dropout,hard_ot,20260920.0,0.1008802999999716,,success,
B1_known_truth,observation_noise_and_dropout,soft_iot,20260916.0,1.0065113999999085,,success,
B1_known_truth,observation_noise_and_dropout,hard_ot,20260916.0,0.1825636000003214,,success,
B1_known_truth,observation_noise_and_dropout,soft_iot,20260917.0,1.1623053000002983,,success,
B1_known_truth,observation_noise_and_dropout,hard_ot,20260917.0,0.1776282999999239,,success,
B1_known_truth,observation_noise_and_dropout,soft_iot,20260918.0,0.9902772000000368,,success,
B1_known_truth,observation_noise_and_dropout,hard_ot,20260918.0,0.1657964999999421,,success,
B1_known_truth,observation_noise_and_dropout,soft_iot,20260919.0,1.043357399999877,,success,
B1_known_truth,observation_noise_and_dropout,hard_ot,20260919.0,0.1143796999999722,,success,
B1_known_truth,observation_noise_and_dropout,soft_iot,20260920.0,1.035367099999803,,success,
B1_known_truth,observation_noise_and_dropout,hard_ot,20260920.0,0.1046404999997321,,success,
B1_known_truth,nonlinear_or_hidden_confounding_misspecification,soft_iot,20260916.0,1.336510399999952,,success,
B1_known_truth,nonlinear_or_hidden_confounding_misspecification,hard_ot,20260916.0,0.2024116000002322,,success,
B1_known_truth,nonlinear_or_hidden_confounding_misspecification,soft_iot,20260917.0,1.113893200000348,,success,
B1_known_truth,nonlinear_or_hidden_confounding_misspecification,hard_ot,20260917.0,0.2007628999999724,,success,
B1_known_truth,nonlinear_or_hidden_confounding_misspecification,soft_iot,20260918.0,1.1119886000001316,,success,
B1_known_truth,nonlinear_or_hidden_confounding_misspecification,hard_ot,20260918.0,0.2208121999997274,,success,
B1_known_truth,nonlinear_or_hidden_confounding_misspecification,soft_iot,20260919.0,1.0350179000001845,,success,
B1_known_truth,nonlinear_or_hidden_confounding_misspecification,hard_ot,20260919.0,0.12569749999966,,success,
B1_known_truth,nonlinear_or_hidden_confounding_misspecification,soft_iot,20260920.0,1.0244719000002078,,success,
B1_known_truth,nonlinear_or_hidden_confounding_misspecification,hard_ot,20260920.0,0.1201066999997237,,success,
B1_known_truth,nonlinear_or_hidden_confounding_misspecification,soft_iot,20260916.0,1.476230199999918,,success,
B1_known_truth,nonlinear_or_hidden_confounding_misspecification,hard_ot,20260916.0,0.2441287999999986,,success,
B1_known_truth,nonlinear_or_hidden_confounding_misspecification,soft_iot,20260917.0,1.1467106999998578,,success,
B1_known_truth,nonlinear_or_hidden_confounding_misspecification,hard_ot,20260917.0,0.2061431000001903,,success,
B1_known_truth,nonlinear_or_hidden_confounding_misspecification,soft_iot,20260918.0,1.1300897999999506,,success,
B1_known_truth,nonlinear_or_hidden_confounding_misspecification,hard_ot,20260918.0,0.1995476000001872,,success,
B1_known_truth,nonlinear_or_hidden_confounding_misspecification,soft_iot,20260919.0,1.08436329999995,,success,
B1_known_truth,nonlinear_or_hidden_confounding_misspecification,hard_ot,20260919.0,0.1443789999998443,,success,
B1_known_truth,nonlinear_or_hidden_confounding_misspecification,soft_iot,20260920.0,0.9798384000000624,,success,
B1_known_truth,nonlinear_or_hidden_confounding_misspecification,hard_ot,20260920.0,0.1209948999999142,,success,
B1_known_truth,nonlinear_or_hidden_confounding_misspecification,soft_iot,20260916.0,1.4587419000004047,,success,
B1_known_truth,nonlinear_or_hidden_confounding_misspecification,hard_ot,20260916.0,0.2454908999998224,,success,
B1_known_truth,nonlinear_or_hidden_confounding_misspecification,soft_iot,20260917.0,1.1241569000003435,,success,
B1_known_truth,nonlinear_or_hidden_confounding_misspecification,hard_ot,20260917.0,0.204494699999941,,success,
B1_known_truth,nonlinear_or_hidden_confounding_misspecification,soft_iot,20260918.0,1.1670874999999796,,success,
B1_known_truth,nonlinear_or_hidden_confounding_misspecification,hard_ot,20260918.0,0.2254143000000112,,success,
B1_known_truth,nonlinear_or_hidden_confounding_misspecification,soft_iot,20260919.0,1.1234731999998075,,success,
B1_known_truth,nonlinear_or_hidden_confounding_misspecification,hard_ot,20260919.0,0.1464865000002646,,success,
B1_known_truth,nonlinear_or_hidden_confounding_misspecification,soft_iot,20260920.0,1.0709382000000005,,success,
B1_known_truth,nonlinear_or_hidden_confounding_misspecification,hard_ot,20260920.0,0.1322454999999536,,success,
B2_lineage_transition,gse239651_transition_panel,UOT-IOT,20260916.0,1.2096544999999423,,success,
B2_lineage_transition,gse239651_transition_panel,UOT-IOT,20260917.0,1.1872864000001755,,success,
B2_lineage_transition,gse239651_transition_panel,UOT-IOT,20260918.0,1.2096050999998624,,success,
B2_lineage_transition,gse239651_transition_panel,UOT-IOT,20260919.0,1.2151920999999677,,success,
B2_lineage_transition,gse239651_transition_panel,UOT-IOT,20260920.0,1.195388499999808,,success,
B2_lineage_transition,macsgestalt_transition_panel,UOT-IOT,20260916.0,0.3401880999999775,,success,
B2_lineage_transition,macsgestalt_transition_panel,UOT-IOT,20260917.0,0.3242322999999487,,success,
B2_lineage_transition,macsgestalt_transition_panel,UOT-IOT,20260918.0,0.366518399999677,,success,
B2_lineage_transition,macsgestalt_transition_panel,UOT-IOT,20260919.0,0.3456639999999424,,success,
B2_lineage_transition,macsgestalt_transition_panel,UOT-IOT,20260920.0,0.3324896999997691,,success,
B2_lineage_transition,gse140802_t2_t16,UOT-IOT,20260916.0,0.9998890000001666,,success,
B2_lineage_transition,gse140802_t2_t16,UOT-IOT,20260917.0,0.9571274999998424,,success,
B2_lineage_transition,gse140802_t2_t16,UOT-IOT,20260918.0,0.8777365000000827,,success,
B2_lineage_transition,gse140802_t2_t16,UOT-IOT,20260919.0,0.9703205999999228,,success,
B2_lineage_transition,gse140802_t2_t16,UOT-IOT,20260920.0,0.8830874999998741,,success,
B2_lineage_transition,gse140802_t2_t9,UOT-IOT,20260916.0,1.4134618000002774,,success,
B2_lineage_transition,gse140802_t2_t9,UOT-IOT,20260917.0,1.3819898000001558,,success,
B2_lineage_transition,gse140802_t2_t9,UOT-IOT,20260918.0,1.3514521000001878,,success,
B2_lineage_transition,gse140802_t2_t9,UOT-IOT,20260919.0,1.4133861000000252,,success,
B2_lineage_transition,gse140802_t2_t9,UOT-IOT,20260920.0,1.3885298000000148,,success,
B2_lineage_transition,gse239651_transition_panel,wot,,3.874419000000216,,success,
B2_lineage_transition,gse239651_transition_panel,moscot,,10.35936730000003,,success,
B2_lineage_transition,gse239651_transition_panel,lineageot,,4.060406099999909,,success,
B2_lineage_transition,gse239651_transition_panel,cellrank2,,18.17139989999987,,success,
B2_lineage_transition,macsgestalt_transition_panel,wot,,3.2780704000001606,,success,
B2_lineage_transition,macsgestalt_transition_panel,moscot,,8.9895247999998,,success,
B2_lineage_transition,macsgestalt_transition_panel,lineageot,,3.2980133000000933,,success,
B2_lineage_transition,macsgestalt_transition_panel,cellrank2,,16.732700900000054,,success,
B2_lineage_transition,gse140802_t2_t16,wot,,3.3637782999999217,,success,
B2_lineage_transition,gse140802_t2_t16,moscot,,8.850090099999761,,success,
B2_lineage_transition,gse140802_t2_t16,lineageot,,4.625729200000023,,success,
B2_lineage_transition,gse140802_t2_t16,cellrank2,,19.560309099999813,,success,
B2_lineage_transition,gse140802_t2_t9,wot,,3.410049699999945,,success,
B2_lineage_transition,gse140802_t2_t9,moscot,,9.358690800000204,,success,
B2_lineage_transition,gse140802_t2_t9,lineageot,,3.2721207999998114,,success,
B2_lineage_transition,gse140802_t2_t9,cellrank2,,16.78689940000004,,success,
B2_lineage_transition,gse239651_transition_panel,mioflow,20260916.0,20.785635199999888,,success,
B2_lineage_transition,gse239651_transition_panel,prescient,20260916.0,12.2056977000002,,success,
B2_lineage_transition,gse239651_transition_panel,tigon,20260916.0,83.49555340000006,,success,
B2_lineage_transition,gse239651_transition_panel,mioflow,20260917.0,15.186479299999974,,success,
B2_lineage_transition,gse239651_transition_panel,prescient,20260917.0,12.208909500000118,,success,
B2_lineage_transition,gse239651_transition_panel,tigon,20260917.0,88.4980099999998,,success,
B2_lineage_transition,gse239651_transition_panel,mioflow,20260918.0,15.013544199999616,,success,
B2_lineage_transition,gse239651_transition_panel,prescient,20260918.0,12.23315360000015,,success,
B2_lineage_transition,gse239651_transition_panel,tigon,20260918.0,89.59955020000007,,success,
B2_lineage_transition,gse239651_transition_panel,mioflow,20260919.0,16.295011199999863,,success,
B2_lineage_transition,gse239651_transition_panel,prescient,20260919.0,12.084383700000217,,success,
B2_lineage_transition,gse239651_transition_panel,tigon,20260919.0,90.81693210000049,,success,
B2_lineage_transition,gse239651_transition_panel,mioflow,20260920.0,14.431510399999752,,success,
B2_lineage_transition,gse239651_transition_panel,prescient,20260920.0,11.99105150000014,,success,
B2_lineage_transition,gse239651_transition_panel,tigon,20260920.0,87.81660160000047,,success,
B2_lineage_transition,macsgestalt_transition_panel,mioflow,20260916.0,11.044323500000246,,success,
B2_lineage_transition,macsgestalt_transition_panel,prescient,20260916.0,4.970087499999863,,success,
B2_lineage_transition,macsgestalt_transition_panel,tigon,20260916.0,19.89577809999992,,success,
B2_lineage_transition,macsgestalt_transition_panel,mioflow,20260917.0,11.484083600000304,,success,
B2_lineage_transition,macsgestalt_transition_panel,prescient,20260917.0,4.637583499999892,,success,
B2_lineage_transition,macsgestalt_transition_panel,tigon,20260917.0,19.72212709999985,,success,
B2_lineage_transition,macsgestalt_transition_panel,mioflow,20260918.0,11.78794199999993,,success,
B2_lineage_transition,macsgestalt_transition_panel,prescient,20260918.0,5.187965800000711,,success,
B2_lineage_transition,macsgestalt_transition_panel,tigon,20260918.0,19.38227749999988,,success,
B2_lineage_transition,macsgestalt_transition_panel,mioflow,20260919.0,11.830186999999569,,success,
B2_lineage_transition,macsgestalt_transition_panel,prescient,20260919.0,4.753263999999945,,success,
B2_lineage_transition,macsgestalt_transition_panel,tigon,20260919.0,20.06999889999952,,success,
B2_lineage_transition,macsgestalt_transition_panel,mioflow,20260920.0,12.103159299999788,,success,
B2_lineage_transition,macsgestalt_transition_panel,prescient,20260920.0,4.769642400000521,,success,
B2_lineage_transition,macsgestalt_transition_panel,tigon,20260920.0,20.34762430000046,,success,
B2_lineage_transition,gse140802_t2_t16,mioflow,20260916.0,12.013453700000357,,success,
B2_lineage_transition,gse140802_t2_t16,prescient,20260916.0,4.76325420000012,,success,
B2_lineage_transition,gse140802_t2_t16,tigon,20260916.0,24.13769130000037,,success,
B2_lineage_transition,gse140802_t2_t16,mioflow,20260917.0,11.470924399999603,,success,
B2_lineage_transition,gse140802_t2_t16,prescient,20260917.0,4.930187599999954,,success,
B2_lineage_transition,gse140802_t2_t16,tigon,20260917.0,23.325883700000304,,success,
B2_lineage_transition,gse140802_t2_t16,mioflow,20260918.0,12.363045500000226,,success,
B2_lineage_transition,gse140802_t2_t16,prescient,20260918.0,4.707105800000136,,success,
B2_lineage_transition,gse140802_t2_t16,tigon,20260918.0,21.92691970000033,,success,
B2_lineage_transition,gse140802_t2_t16,mioflow,20260919.0,11.767347699999846,,success,
B2_lineage_transition,gse140802_t2_t16,prescient,20260919.0,4.738925100000415,,success,
B2_lineage_transition,gse140802_t2_t16,tigon,20260919.0,22.086581900000056,,success,
B2_lineage_transition,gse140802_t2_t16,mioflow,20260920.0,11.402560200000153,,success,
B2_lineage_transition,gse140802_t2_t16,prescient,20260920.0,4.724510500000179,,success,
B2_lineage_transition,gse140802_t2_t16,tigon,20260920.0,23.77054660000067,,success,
B2_lineage_transition,gse140802_t2_t9,mioflow,20260916.0,13.74652270000024,,success,
B2_lineage_transition,gse140802_t2_t9,prescient,20260916.0,6.1162162000000535,,success,
B2_lineage_transition,gse140802_t2_t9,tigon,20260916.0,41.948921600000176,,success,
B2_lineage_transition,gse140802_t2_t9,mioflow,20260917.0,13.662903800000096,,success,
B2_lineage_transition,gse140802_t2_t9,prescient,20260917.0,5.9572438000004695,,success,
B2_lineage_transition,gse140802_t2_t9,tigon,20260917.0,42.25566600000002,,success,
B2_lineage_transition,gse140802_t2_t9,mioflow,20260918.0,13.745216499999517,,success,
B2_lineage_transition,gse140802_t2_t9,prescient,20260918.0,6.154530699999668,,success,
B2_lineage_transition,gse140802_t2_t9,tigon,20260918.0,42.34471649999978,,success,
B2_lineage_transition,gse140802_t2_t9,mioflow,20260919.0,14.100329599999895,,success,
B2_lineage_transition,gse140802_t2_t9,prescient,20260919.0,6.35136059999968,,success,
B2_lineage_transition,gse140802_t2_t9,tigon,20260919.0,42.208458599999176,,success,
B2_lineage_transition,gse140802_t2_t9,mioflow,20260920.0,12.533916000000318,,success,
B2_lineage_transition,gse140802_t2_t9,prescient,20260920.0,6.240835099999458,,success,
B2_lineage_transition,gse140802_t2_t9,tigon,20260920.0,42.86661980000008,,success,
B3_prospective_composition,GSE239651_expt1,PERSIST-IOT,20260916.0,,,success,
B3_prospective_composition,GSE239651_expt1,PERSIST-no-IOT,20260916.0,,,success,
B3_prospective_composition,GSE239651_expt2,PERSIST-IOT,20260916.0,,,success,
B3_prospective_composition,GSE239651_expt2,PERSIST-no-IOT,20260916.0,,,success,
B3_prospective_composition,GSE239651_expt2,source-carry-forward,20260916.0,0.1561231999994561,,success,
B3_prospective_composition,GSE239651_expt2,development-target-transfer,20260916.0,0.1614518000005773,,success,
B3_prospective_composition,GSE239651_expt2,prescient,20260916.0,16.968943099999706,,success,
B3_prospective_composition,GSE239651_expt2,prescient,20260917.0,16.857099100000596,,success,
B3_prospective_composition,GSE239651_expt2,prescient,20260918.0,17.230403200000183,,success,
B3_prospective_composition,GSE239651_expt2,prescient,20260919.0,17.66758740000023,,success,
B3_prospective_composition,GSE239651_expt2,prescient,20260920.0,18.999660499999663,,success,
B3_prospective_composition,GSE239651_expt2,tigon,20260916.0,115.63007089999974,,success,
B3_prospective_composition,GSE239651_expt2,tigon,20260917.0,115.80890920000002,,success,
B3_prospective_composition,GSE239651_expt2,tigon,20260918.0,117.5844432999993,,success,
B3_prospective_composition,GSE239651_expt2,tigon,20260919.0,120.40731559999948,,success,
B3_prospective_composition,GSE239651_expt2,tigon,20260920.0,117.94565039999998,,success,
B3_prospective_composition,GSE239651_expt2,mioflow,20260916.0,14.598558699999558,,success,
B3_prospective_composition,GSE239651_expt2,mioflow,20260917.0,13.951207300000531,,success,
B3_prospective_composition,GSE239651_expt2,mioflow,20260918.0,12.65088199999991,,success,
B3_prospective_composition,GSE239651_expt2,mioflow,20260919.0,13.814521600000262,,success,
B3_prospective_composition,GSE239651_expt2,mioflow,20260920.0,12.666965100000198,,success,
B3_prospective_composition,GSE239651_expt2,source-carry-forward,20260916.0,0.1849554000000353,,success,
B3_prospective_composition,GSE239651_expt2,development-target-transfer,20260916.0,0.1975183000004108,,success,
B3_prospective_composition,GSE239651_expt2,prescient,20260916.0,18.23375170000054,,success,
B3_prospective_composition,GSE239651_expt2,prescient,20260917.0,17.320406599999842,,success,
B3_prospective_composition,GSE239651_expt2,prescient,20260918.0,17.21284259999993,,success,
B3_prospective_composition,GSE239651_expt2,prescient,20260919.0,17.633608499999355,,success,
B3_prospective_composition,GSE239651_expt2,prescient,20260920.0,17.563787300000513,,success,
B3_prospective_composition,GSE239651_expt2,tigon,20260916.0,121.35117600000012,,success,
B3_prospective_composition,GSE239651_expt2,tigon,20260917.0,116.50757129999964,,success,
B3_prospective_composition,GSE239651_expt2,tigon,20260918.0,107.0824107999997,,success,
B3_prospective_composition,GSE239651_expt2,tigon,20260919.0,106.08582360000035,,success,
B3_prospective_composition,GSE239651_expt2,tigon,20260920.0,110.6642585999998,,success,
B3_prospective_composition,GSE239651_expt2,mioflow,20260916.0,14.926148600000488,,success,
B3_prospective_composition,GSE239651_expt2,mioflow,20260917.0,14.69445739999992,,success,
B3_prospective_composition,GSE239651_expt2,mioflow,20260918.0,13.91017599999941,,success,
B3_prospective_composition,GSE239651_expt2,mioflow,20260919.0,14.022097099999884,,success,
B3_prospective_composition,GSE239651_expt2,mioflow,20260920.0,13.102705799999969,,success,
B3_prospective_composition,GSE239651_expt2,source-carry-forward,20260916.0,0.2196296000001893,,success,
B3_prospective_composition,GSE239651_expt2,development-target-transfer,20260916.0,0.1586776000003738,,success,
B3_prospective_composition,GSE239651_expt2,prescient,20260916.0,17.763366000000133,,success,
B3_prospective_composition,GSE239651_expt2,prescient,20260917.0,17.281015699999443,,success,
B3_prospective_composition,GSE239651_expt2,prescient,20260918.0,16.85154969999985,,success,
B3_prospective_composition,GSE239651_expt2,prescient,20260919.0,17.224731799999972,,success,
B3_prospective_composition,GSE239651_expt2,prescient,20260920.0,16.87041489999956,,success,
B3_prospective_composition,GSE239651_expt2,tigon,20260916.0,105.98453539999991,,success,
B3_prospective_composition,GSE239651_expt2,tigon,20260917.0,103.9811552000001,,success,
B3_prospective_composition,GSE239651_expt2,tigon,20260918.0,105.9265863999999,,success,
B3_prospective_composition,GSE239651_expt2,tigon,20260919.0,101.50770660000036,,success,
B3_prospective_composition,GSE239651_expt2,tigon,20260920.0,104.91881490000014,,success,
B3_prospective_composition,GSE239651_expt2,mioflow,20260916.0,14.52330400000028,,success,
B3_prospective_composition,GSE239651_expt2,mioflow,20260917.0,14.84278539999923,,success,
B3_prospective_composition,GSE239651_expt2,mioflow,20260918.0,13.503484500000011,,success,
B3_prospective_composition,GSE239651_expt2,mioflow,20260919.0,14.792220300000736,,success,
B3_prospective_composition,GSE239651_expt2,mioflow,20260920.0,13.586769199999251,,success,
B3_prospective_composition,GSE239651_expt2,source-carry-forward,20260916.0,0.2158336000002236,,success,
B3_prospective_composition,GSE239651_expt2,development-target-transfer,20260916.0,0.1661822000005486,,success,
B3_prospective_composition,GSE239651_expt2,prescient,20260916.0,18.396034000000327,,success,
B3_prospective_composition,GSE239651_expt2,prescient,20260917.0,17.86212599999999,,success,
B3_prospective_composition,GSE239651_expt2,prescient,20260918.0,17.750324900000123,,success,
B3_prospective_composition,GSE239651_expt2,prescient,20260919.0,17.46751789999962,,success,
B3_prospective_composition,GSE239651_expt2,prescient,20260920.0,17.304312700000082,,success,
B3_prospective_composition,GSE239651_expt2,tigon,20260916.0,122.23007440000038,,success,
B3_prospective_composition,GSE239651_expt2,tigon,20260917.0,133.0048740000002,,success,
B3_prospective_composition,GSE239651_expt2,tigon,20260918.0,133.1269975999994,,success,
B3_prospective_composition,GSE239651_expt2,tigon,20260919.0,133.16438820000076,,success,
B3_prospective_composition,GSE239651_expt2,tigon,20260920.0,134.2977045000007,,success,
B3_prospective_composition,GSE239651_expt2,mioflow,20260916.0,13.158562699999491,,success,
B3_prospective_composition,GSE239651_expt2,mioflow,20260917.0,14.319500599999628,,success,
B3_prospective_composition,GSE239651_expt2,mioflow,20260918.0,13.963670500000262,,success,
B3_prospective_composition,GSE239651_expt2,mioflow,20260919.0,14.330297299999984,,success,
B3_prospective_composition,GSE239651_expt2,mioflow,20260920.0,13.118254199999685,,success,
B3_prospective_composition,GSE239651_expt2,source-carry-forward,20260916.0,0.2572759000004225,,success,
B3_prospective_composition,GSE239651_expt2,development-target-transfer,20260916.0,0.1867031000001588,,success,
B3_prospective_composition,GSE239651_expt2,prescient,20260916.0,22.08064430000013,,success,
B3_prospective_composition,GSE239651_expt2,prescient,20260917.0,20.677488299999823,,success,
B3_prospective_composition,GSE239651_expt2,prescient,20260918.0,20.723336900000504,,success,
B3_prospective_composition,GSE239651_expt2,prescient,20260919.0,21.28973709999991,,success,
B3_prospective_composition,GSE239651_expt2,prescient,20260920.0,21.415869599999496,,success,
B3_prospective_composition,GSE239651_expt2,tigon,20260916.0,132.31578749999971,,success,
B3_prospective_composition,GSE239651_expt2,tigon,20260917.0,130.98438579999856,,success,
B3_prospective_composition,GSE239651_expt2,tigon,20260918.0,118.62514700000064,,success,
B3_prospective_composition,GSE239651_expt2,tigon,20260919.0,111.87683459999973,,success,
B3_prospective_composition,GSE239651_expt2,tigon,20260920.0,112.4667773000001,,success,
B3_prospective_composition,GSE239651_expt2,mioflow,20260916.0,12.298813100000189,,success,
B3_prospective_composition,GSE239651_expt2,mioflow,20260917.0,13.309447600000569,,success,
B3_prospective_composition,GSE239651_expt2,mioflow,20260918.0,10.8384786000006,,success,
B3_prospective_composition,GSE239651_expt2,mioflow,20260919.0,12.781641300000048,,success,
B3_prospective_composition,GSE239651_expt2,mioflow,20260920.0,13.663610400000834,,success,
B3_prospective_composition,GSE239651_expt2,source-carry-forward,20260916.0,0.2187656999994942,,success,
B3_prospective_composition,GSE239651_expt2,development-target-transfer,20260916.0,0.1451276000007055,,success,
B3_prospective_composition,GSE239651_expt2,prescient,20260916.0,17.542980799998986,,success,
B3_prospective_composition,GSE239651_expt2,prescient,20260917.0,16.59724190000088,,success,
B3_prospective_composition,GSE239651_expt2,prescient,20260918.0,17.076539499999853,,success,
B3_prospective_composition,GSE239651_expt2,prescient,20260919.0,16.597240299999612,,success,
B3_prospective_composition,GSE239651_expt2,prescient,20260920.0,17.31988039999851,,success,
B3_prospective_composition,GSE239651_expt2,tigon,20260916.0,115.93260999999984,,success,
B3_prospective_composition,GSE239651_expt2,tigon,20260917.0,112.2782141000007,,success,
B3_prospective_composition,GSE239651_expt2,tigon,20260918.0,110.78718130000016,,success,
B3_prospective_composition,GSE239651_expt2,tigon,20260919.0,112.84757480000007,,success,
B3_prospective_composition,GSE239651_expt2,tigon,20260920.0,113.0381097999998,,success,
B3_prospective_composition,GSE239651_expt2,mioflow,20260916.0,11.874877599999309,,success,
B3_prospective_composition,GSE239651_expt2,mioflow,20260917.0,12.621181499998784,,success,
B3_prospective_composition,GSE239651_expt2,mioflow,20260918.0,12.361971999998786,,success,
B3_prospective_composition,GSE239651_expt2,mioflow,20260919.0,13.0319528,,success,
B3_prospective_composition,GSE239651_expt2,mioflow,20260920.0,12.743641600000046,,success,
B3_prospective_composition,GSE239651_expt2,source-carry-forward,20260916.0,0.2187080000003334,,success,
B3_prospective_composition,GSE239651_expt2,development-target-transfer,20260916.0,0.167641399999411,,success,
B3_prospective_composition,GSE239651_expt2,prescient,20260916.0,18.12783660000059,,success,
B3_prospective_composition,GSE239651_expt2,prescient,20260917.0,17.08631940000123,,success,
B3_prospective_composition,GSE239651_expt2,prescient,20260918.0,17.45098550000148,,success,
B3_prospective_composition,GSE239651_expt2,prescient,20260919.0,17.094880399999965,,success,
B3_prospective_composition,GSE239651_expt2,prescient,20260920.0,17.22556960000111,,success,
B3_prospective_composition,GSE239651_expt2,tigon,20260916.0,113.43000900000152,,success,
B3_prospective_composition,GSE239651_expt2,tigon,20260917.0,114.5526747999993,,success,
B3_prospective_composition,GSE239651_expt2,tigon,20260918.0,116.72172610000052,,success,
B3_prospective_composition,GSE239651_expt2,tigon,20260919.0,112.28214730000036,,success,
B3_prospective_composition,GSE239651_expt2,tigon,20260920.0,112.40618619999988,,success,
B3_prospective_composition,GSE239651_expt2,mioflow,20260916.0,13.13460490000034,,success,
B3_prospective_composition,GSE239651_expt2,mioflow,20260917.0,13.319859400000496,,success,
B3_prospective_composition,GSE239651_expt2,mioflow,20260918.0,13.1839473,,success,
B3_prospective_composition,GSE239651_expt2,mioflow,20260919.0,12.159537500001534,,success,
B3_prospective_composition,GSE239651_expt2,mioflow,20260920.0,12.749141899999811,,success,
B3_prospective_composition,GSE239651_expt2,source-carry-forward,20260916.0,0.2183641999999963,,success,
B3_prospective_composition,GSE239651_expt2,development-target-transfer,20260916.0,0.1554246000014245,,success,
B3_prospective_composition,GSE239651_expt2,prescient,20260916.0,17.698182500000257,,success,
B3_prospective_composition,GSE239651_expt2,prescient,20260917.0,16.309630499999912,,success,
B3_prospective_composition,GSE239651_expt2,prescient,20260918.0,16.448863300000085,,success,
B3_prospective_composition,GSE239651_expt2,prescient,20260919.0,16.350034600000072,,success,
B3_prospective_composition,GSE239651_expt2,prescient,20260920.0,16.955900299999485,,success,
B3_prospective_composition,GSE239651_expt2,tigon,20260916.0,111.89460319999851,,success,
B3_prospective_composition,GSE239651_expt2,tigon,20260917.0,109.15929640000104,,success,
B3_prospective_composition,GSE239651_expt2,tigon,20260918.0,109.93124539999916,,success,
B3_prospective_composition,GSE239651_expt2,tigon,20260919.0,112.23595419999948,,success,
B3_prospective_composition,GSE239651_expt2,tigon,20260920.0,113.44597980000071,,success,
B3_prospective_composition,GSE239651_expt2,mioflow,20260916.0,12.829244099999414,,success,
B3_prospective_composition,GSE239651_expt2,mioflow,20260917.0,11.73789880000004,,success,
B3_prospective_composition,GSE239651_expt2,mioflow,20260918.0,11.17984780000006,,success,
B3_prospective_composition,GSE239651_expt2,mioflow,20260919.0,12.00023929999952,,success,
B3_prospective_composition,GSE239651_expt2,mioflow,20260920.0,10.802229799999624,,success,
B3_prospective_composition,GSE140802,source-carry-forward,20260916.0,0.1700598000006721,,success,
B3_prospective_composition,GSE140802,development-target-transfer,20260916.0,0.1493849999988015,,success,
B3_prospective_composition,GSE140802,prescient,20260916.0,4.053417700000864,,success,
B3_prospective_composition,GSE140802,prescient,20260917.0,3.204100699998889,,success,
B3_prospective_composition,GSE140802,prescient,20260918.0,3.3533478999997897,,success,
B3_prospective_composition,GSE140802,prescient,20260919.0,3.1164227000008395,,success,
B3_prospective_composition,GSE140802,prescient,20260920.0,3.0896375000011176,,success,
B3_prospective_composition,GSE140802,tigon,20260916.0,18.7477760999991,,success,
B3_prospective_composition,GSE140802,tigon,20260917.0,18.90845099999933,,success,
B3_prospective_composition,GSE140802,tigon,20260918.0,18.86250409999957,,success,
B3_prospective_composition,GSE140802,tigon,20260919.0,18.556916100000308,,success,
B3_prospective_composition,GSE140802,tigon,20260920.0,19.21572930000002,,success,
B3_prospective_composition,GSE140802,mioflow,20260916.0,11.381618999999771,,success,
B3_prospective_composition,GSE140802,mioflow,20260917.0,10.828887900001064,,success,
B3_prospective_composition,GSE140802,mioflow,20260918.0,9.209258099999715,,success,
B3_prospective_composition,GSE140802,mioflow,20260919.0,8.240687600000456,,success,
B3_prospective_composition,GSE140802,mioflow,20260920.0,9.692493900000043,,success,
B3_prospective_composition,GSE140802,source-carry-forward,20260916.0,0.2426227999985712,,success,
B3_prospective_composition,GSE140802,development-target-transfer,20260916.0,0.1738934000004519,,success,
B3_prospective_composition,GSE140802,prescient,20260916.0,4.5700616000012815,,success,
B3_prospective_composition,GSE140802,prescient,20260917.0,3.3212940000012168,,success,
B3_prospective_composition,GSE140802,prescient,20260918.0,3.447330699998929,,success,
B3_prospective_composition,GSE140802,prescient,20260919.0,3.5357979999989766,,success,
B3_prospective_composition,GSE140802,prescient,20260920.0,3.3114573000002565,,success,
B3_prospective_composition,GSE140802,tigon,20260916.0,18.083980899999005,,success,
B3_prospective_composition,GSE140802,tigon,20260917.0,17.243624500000806,,success,
B3_prospective_composition,GSE140802,tigon,20260918.0,16.70138820000102,,success,
B3_prospective_composition,GSE140802,tigon,20260919.0,16.343827699998656,,success,
B3_prospective_composition,GSE140802,tigon,20260920.0,17.04764460000115,,success,
B3_prospective_composition,GSE140802,mioflow,20260916.0,10.093173400000524,,success,
B3_prospective_composition,GSE140802,mioflow,20260917.0,10.584232999999584,,success,
B3_prospective_composition,GSE140802,mioflow,20260918.0,9.87224210000022,,success,
B3_prospective_composition,GSE140802,mioflow,20260919.0,10.484369800000422,,success,
B3_prospective_composition,GSE140802,mioflow,20260920.0,10.327723500000502,,success,
B3_prospective_composition,GSE140802,source-carry-forward,20260916.0,0.2292116999997233,,success,
B3_prospective_composition,GSE140802,development-target-transfer,20260916.0,0.1878577000006771,,success,
B3_prospective_composition,GSE140802,prescient,20260916.0,4.257299099999727,,success,
B3_prospective_composition,GSE140802,prescient,20260917.0,3.433584399999745,,success,
B3_prospective_composition,GSE140802,prescient,20260918.0,3.293855899999471,,success,
B3_prospective_composition,GSE140802,prescient,20260919.0,3.4075792000003275,,success,
B3_prospective_composition,GSE140802,prescient,20260920.0,3.4460927000000083,,success,
B3_prospective_composition,GSE140802,tigon,20260916.0,18.270538199998555,,success,
B3_prospective_composition,GSE140802,tigon,20260917.0,18.67055160000018,,success,
B3_prospective_composition,GSE140802,tigon,20260918.0,17.15463649999947,,success,
B3_prospective_composition,GSE140802,tigon,20260919.0,18.24013940000077,,success,
B3_prospective_composition,GSE140802,tigon,20260920.0,18.50993170000038,,success,
B3_prospective_composition,GSE140802,mioflow,20260916.0,10.841824400000403,,success,
B3_prospective_composition,GSE140802,mioflow,20260917.0,9.889872700001431,,success,
B3_prospective_composition,GSE140802,mioflow,20260918.0,9.274696800001038,,success,
B3_prospective_composition,GSE140802,mioflow,20260919.0,10.27010639999935,,success,
B3_prospective_composition,GSE140802,mioflow,20260920.0,8.525537100000292,,success,
B3_prospective_composition,GSE140802,source-carry-forward,20260916.0,0.2221160999997664,,success,
B3_prospective_composition,GSE140802,development-target-transfer,20260916.0,0.1606494000006932,,success,
B3_prospective_composition,GSE140802,prescient,20260916.0,3.99507579999954,,success,
B3_prospective_composition,GSE140802,prescient,20260917.0,3.2548543000011705,,success,
B3_prospective_composition,GSE140802,prescient,20260918.0,3.5004533999999694,,success,
B3_prospective_composition,GSE140802,prescient,20260919.0,3.516241100000116,,success,
B3_prospective_composition,GSE140802,prescient,20260920.0,3.2575082999992446,,success,
B3_prospective_composition,GSE140802,tigon,20260916.0,16.593354099999488,,success,
B3_prospective_composition,GSE140802,tigon,20260917.0,17.23571390000143,,success,
B3_prospective_composition,GSE140802,tigon,20260918.0,15.609840099999928,,success,
B3_prospective_composition,GSE140802,tigon,20260919.0,16.929675400000633,,success,
B3_prospective_composition,GSE140802,tigon,20260920.0,16.818953899999542,,success,
B3_prospective_composition,GSE140802,mioflow,20260916.0,12.640654699998777,,success,
B3_prospective_composition,GSE140802,mioflow,20260917.0,10.670966799998496,,success,
B3_prospective_composition,GSE140802,mioflow,20260918.0,12.243431499999131,,success,
B3_prospective_composition,GSE140802,mioflow,20260919.0,11.23134349999964,,success,
B3_prospective_composition,GSE140802,mioflow,20260920.0,9.15854279999985,,success,
B3_prospective_composition,GSE140802,source-carry-forward,20260916.0,0.2186065000005328,,success,
B3_prospective_composition,GSE140802,development-target-transfer,20260916.0,0.1584171000013157,,success,
B3_prospective_composition,GSE140802,prescient,20260916.0,6.082265799999732,,success,
B3_prospective_composition,GSE140802,prescient,20260917.0,4.650442899999689,,success,
B3_prospective_composition,GSE140802,prescient,20260918.0,4.783161699999255,,success,
B3_prospective_composition,GSE140802,prescient,20260919.0,4.6483391999991,,success,
B3_prospective_composition,GSE140802,prescient,20260920.0,4.753589799998736,,success,
B3_prospective_composition,GSE140802,tigon,20260916.0,35.19958609999958,,success,
B3_prospective_composition,GSE140802,tigon,20260917.0,35.73301150000043,,success,
B3_prospective_composition,GSE140802,tigon,20260918.0,34.27448600000025,,success,
B3_prospective_composition,GSE140802,tigon,20260919.0,34.57905799999935,,success,
B3_prospective_composition,GSE140802,tigon,20260920.0,35.60164129999976,,success,
B3_prospective_composition,GSE140802,mioflow,20260916.0,13.377239100000224,,success,
B3_prospective_composition,GSE140802,mioflow,20260917.0,12.320767999999587,,success,
B3_prospective_composition,GSE140802,mioflow,20260918.0,11.287288700001229,,success,
B3_prospective_composition,GSE140802,mioflow,20260919.0,12.021956800001137,,success,
B3_prospective_composition,GSE140802,mioflow,20260920.0,11.787559000000329,,success,
B3_prospective_composition,GSE140802,source-carry-forward,20260916.0,0.2386432999992394,,success,
B3_prospective_composition,GSE140802,development-target-transfer,20260916.0,0.1566253999990294,,success,
B3_prospective_composition,GSE140802,prescient,20260916.0,4.972166300000026,,success,
B3_prospective_composition,GSE140802,prescient,20260917.0,3.842328200000338,,success,
B3_prospective_composition,GSE140802,prescient,20260918.0,4.119202800000494,,success,
B3_prospective_composition,GSE140802,prescient,20260919.0,3.81281620000118,,success,
B3_prospective_composition,GSE140802,prescient,20260920.0,3.738774900000863,,success,
B3_prospective_composition,GSE140802,tigon,20260916.0,28.64675840000018,,success,
B3_prospective_composition,GSE140802,tigon,20260917.0,28.38912030000029,,success,
B3_prospective_composition,GSE140802,tigon,20260918.0,28.875523199998497,,success,
B3_prospective_composition,GSE140802,tigon,20260919.0,28.72528229999989,,success,
B3_prospective_composition,GSE140802,tigon,20260920.0,29.20851380000022,,success,
B3_prospective_composition,GSE140802,mioflow,20260916.0,12.12737290000041,,success,
B3_prospective_composition,GSE140802,mioflow,20260917.0,10.070772400000353,,success,
B3_prospective_composition,GSE140802,mioflow,20260918.0,11.219067100000755,,success,
B3_prospective_composition,GSE140802,mioflow,20260919.0,11.366179100001318,,success,
B3_prospective_composition,GSE140802,mioflow,20260920.0,9.137043200000337,,success,
B3_prospective_composition,GSE140802,source-carry-forward,20260916.0,0.2116293000017322,,success,
B3_prospective_composition,GSE140802,development-target-transfer,20260916.0,0.1445597000001726,,success,
B3_prospective_composition,GSE140802,prescient,20260916.0,5.939865999998801,,success,
B3_prospective_composition,GSE140802,prescient,20260917.0,4.551500900000974,,success,
B3_prospective_composition,GSE140802,prescient,20260918.0,4.758961400000771,,success,
B3_prospective_composition,GSE140802,prescient,20260919.0,4.833847699999751,,success,
B3_prospective_composition,GSE140802,prescient,20260920.0,4.673117500000444,,success,
B3_prospective_composition,GSE140802,tigon,20260916.0,35.041050100000575,,success,
B3_prospective_composition,GSE140802,tigon,20260917.0,35.58157460000075,,success,
B3_prospective_composition,GSE140802,tigon,20260918.0,34.25661670000045,,success,
B3_prospective_composition,GSE140802,tigon,20260919.0,34.176104100000885,,success,
B3_prospective_composition,GSE140802,tigon,20260920.0,35.86829039999975,,success,
B3_prospective_composition,GSE140802,mioflow,20260916.0,13.791628000000856,,success,
B3_prospective_composition,GSE140802,mioflow,20260917.0,12.229715900000883,,success,
B3_prospective_composition,GSE140802,mioflow,20260918.0,11.05017670000052,,success,
B3_prospective_composition,GSE140802,mioflow,20260919.0,13.881138999999166,,success,
B3_prospective_composition,GSE140802,mioflow,20260920.0,11.94272550000096,,success,
B3_prospective_composition,GSE140802,source-carry-forward,20260916.0,0.2309928000013315,,success,
B3_prospective_composition,GSE140802,development-target-transfer,20260916.0,0.1843263000009756,,success,
B3_prospective_composition,GSE140802,prescient,20260916.0,5.552295299999969,,success,
B3_prospective_composition,GSE140802,prescient,20260917.0,4.847299600000042,,success,
B3_prospective_composition,GSE140802,prescient,20260918.0,4.970558700000765,,success,
B3_prospective_composition,GSE140802,prescient,20260919.0,4.4982584999997925,,success,
B3_prospective_composition,GSE140802,prescient,20260920.0,4.594531699998697,,success,
B3_prospective_composition,GSE140802,tigon,20260916.0,33.22356929999842,,success,
B3_prospective_composition,GSE140802,tigon,20260917.0,33.27631409999958,,success,
B3_prospective_composition,GSE140802,tigon,20260918.0,33.15298780000012,,success,
B3_prospective_composition,GSE140802,tigon,20260919.0,33.69306250000045,,success,
B3_prospective_composition,GSE140802,tigon,20260920.0,34.06901469999866,,success,
B3_prospective_composition,GSE140802,mioflow,20260916.0,13.191303499999776,,success,
B3_prospective_composition,GSE140802,mioflow,20260917.0,10.363531999999395,,success,
B3_prospective_composition,GSE140802,mioflow,20260918.0,13.302652300000773,,success,
B3_prospective_composition,GSE140802,mioflow,20260919.0,12.217151799999556,,success,
B3_prospective_composition,GSE140802,mioflow,20260920.0,10.476480999999694,,success,
B3_prospective_composition,GSE140802,source-carry-forward,20260916.0,0.2897888000006787,,success,
B3_prospective_composition,GSE140802,development-target-transfer,20260916.0,0.1819457000001421,,success,
B3_prospective_composition,GSE140802,prescient,20260916.0,5.467017599999963,,success,
B3_prospective_composition,GSE140802,prescient,20260917.0,4.698739200001,,success,
B3_prospective_composition,GSE140802,prescient,20260918.0,4.595043199999054,,success,
B3_prospective_composition,GSE140802,prescient,20260919.0,4.621019300000626,,success,
B3_prospective_composition,GSE140802,prescient,20260920.0,4.688922999999704,,success,
B3_prospective_composition,GSE140802,tigon,20260916.0,35.26367279999977,,success,
B3_prospective_composition,GSE140802,tigon,20260917.0,34.13817350000136,,success,
B3_prospective_composition,GSE140802,tigon,20260918.0,33.405341800000315,,success,
B3_prospective_composition,GSE140802,tigon,20260919.0,33.09283400000095,,success,
B3_prospective_composition,GSE140802,tigon,20260920.0,33.8409458999995,,success,
B3_prospective_composition,GSE140802,mioflow,20260916.0,14.824461000000156,,success,
B3_prospective_composition,GSE140802,mioflow,20260917.0,12.637680699999692,,success,
B3_prospective_composition,GSE140802,mioflow,20260918.0,11.214854900001228,,success,
B3_prospective_composition,GSE140802,mioflow,20260919.0,12.83930209999926,,success,
B3_prospective_composition,GSE140802,mioflow,20260920.0,12.024557300001106,,success,
B3_prospective_composition,GSE140802,source-carry-forward,20260916.0,0.2153218000003107,,success,
B3_prospective_composition,GSE140802,development-target-transfer,20260916.0,0.1918287999997119,,success,
B3_prospective_composition,GSE140802,prescient,20260916.0,5.576064099999712,,success,
B3_prospective_composition,GSE140802,prescient,20260917.0,4.809393899999122,,success,
B3_prospective_composition,GSE140802,prescient,20260918.0,4.4938695000000735,,success,
B3_prospective_composition,GSE140802,prescient,20260919.0,4.501582599999892,,success,
B3_prospective_composition,GSE140802,prescient,20260920.0,4.37952100000075,,success,
B3_prospective_composition,GSE140802,tigon,20260916.0,33.34541990000071,,success,
B3_prospective_composition,GSE140802,tigon,20260917.0,34.24396390000038,,success,
B3_prospective_composition,GSE140802,tigon,20260918.0,34.28840390000005,,success,
B3_prospective_composition,GSE140802,tigon,20260919.0,34.8315333999999,,success,
B3_prospective_composition,GSE140802,tigon,20260920.0,34.792659299999286,,success,
B3_prospective_composition,GSE140802,mioflow,20260916.0,12.764826900000116,,success,
B3_prospective_composition,GSE140802,mioflow,20260917.0,10.196368300001268,,success,
B3_prospective_composition,GSE140802,mioflow,20260918.0,12.860726999999317,,success,
B3_prospective_composition,GSE140802,mioflow,20260919.0,11.956813599999805,,success,
B3_prospective_composition,GSE140802,mioflow,20260920.0,11.306239899999127,,success,
