benchmark,scenario,metric,positive_favors,paired_n,mean_difference,ci95_lower,ci95_upper,dataset,method,direction_pairwise_cosine,direction_pairwise_cosine_min,direction_seed_variance,direction_sign_agreement,direction_type,seed_n,pairwise_cosine_mean,pairwise_cosine_min,pairwise_cosine_variance,training_cohort,validation_cohort,site,direction_status,gain,bootstrap_replicates,ci_excludes_zero,relative_gain
B1_known_truth,equivalent_fit_multiple_parameters,heldout_coupling_relative_frobenius,soft_iot,15.0,0.0288593975486667,0.0167000624886133,0.0430744361132459,,,,,,,,,,,,,,,,,,,
B1_known_truth,equivalent_fit_multiple_parameters,coefficient_cosine,soft_iot,15.0,0.916553331106456,0.652352621106563,1.1781892314519191,,,,,,,,,,,,,,,,,,,
B1_known_truth,equivalent_fit_multiple_parameters,coefficient_sign_accuracy,soft_iot,15.0,0.45,0.2833333333333333,0.6166666666666667,,,,,,,,,,,,,,,,,,,
B1_known_truth,equivalent_fit_multiple_parameters,pure_column_minimum_curvature,soft_iot,15.0,0.2199842290551145,0.1792142365294088,0.2603262079866238,,,,,,,,,,,,,,,,,,,
B1_known_truth,equivalent_fit_multiple_parameters,restart_direction_variance,soft_iot,15.0,0.199830487323871,0.1951443068159652,0.2042973395561561,,,,,,,,,,,,,,,,,,,
B1_known_truth,hard_marginal_flat_direction,heldout_coupling_relative_frobenius,soft_iot,15.0,0.028908779328022,0.0191151808582945,0.0390590112133629,,,,,,,,,,,,,,,,,,,
B1_known_truth,hard_marginal_flat_direction,coefficient_cosine,soft_iot,15.0,0.6749596933186999,0.5129515338141685,0.8414419213574108,,,,,,,,,,,,,,,,,,,
B1_known_truth,hard_marginal_flat_direction,coefficient_sign_accuracy,soft_iot,15.0,0.3111111111111111,0.2111111111111111,0.411111111111111,,,,,,,,,,,,,,,,,,,
B1_known_truth,hard_marginal_flat_direction,pure_column_minimum_curvature,soft_iot,15.0,0.249500294646765,0.2118359757200908,0.2839642311713852,,,,,,,,,,,,,,,,,,,
B1_known_truth,hard_marginal_flat_direction,restart_direction_variance,soft_iot,15.0,0.1044142801317334,0.0881728024412423,0.1200933727832787,,,,,,,,,,,,,,,,,,,
B1_known_truth,identifiable_soft_marginal,heldout_coupling_relative_frobenius,soft_iot,15.0,0.028908779328022,0.0191151808582945,0.0390590112133629,,,,,,,,,,,,,,,,,,,
B1_known_truth,identifiable_soft_marginal,coefficient_cosine,soft_iot,15.0,0.6749596933186999,0.5129515338141685,0.8414419213574108,,,,,,,,,,,,,,,,,,,
B1_known_truth,identifiable_soft_marginal,coefficient_sign_accuracy,soft_iot,15.0,0.3111111111111111,0.2111111111111111,0.411111111111111,,,,,,,,,,,,,,,,,,,
B1_known_truth,identifiable_soft_marginal,pure_column_minimum_curvature,soft_iot,15.0,0.249500294646765,0.2118359757200908,0.2839642311713852,,,,,,,,,,,,,,,,,,,
B1_known_truth,identifiable_soft_marginal,restart_direction_variance,soft_iot,15.0,0.1044142801317334,0.0881728024412423,0.1200933727832787,,,,,,,,,,,,,,,,,,,
B1_known_truth,nonlinear_or_hidden_confounding_misspecification,heldout_coupling_relative_frobenius,soft_iot,15.0,-0.0046658890356185,-0.0092000935083892,0.0002528778612028,,,,,,,,,,,,,,,,,,,
B1_known_truth,nonlinear_or_hidden_confounding_misspecification,coefficient_cosine,soft_iot,15.0,0.4598756258613382,0.3098769897627247,0.6265084739995905,,,,,,,,,,,,,,,,,,,
B1_known_truth,nonlinear_or_hidden_confounding_misspecification,coefficient_sign_accuracy,soft_iot,15.0,0.1555555555555555,0.0555555555555555,0.2666666666666666,,,,,,,,,,,,,,,,,,,
B1_known_truth,nonlinear_or_hidden_confounding_misspecification,pure_column_minimum_curvature,soft_iot,15.0,0.2390954236671424,0.2089216723540528,0.2682463760480165,,,,,,,,,,,,,,,,,,,
B1_known_truth,nonlinear_or_hidden_confounding_misspecification,restart_direction_variance,soft_iot,15.0,0.0843929004872588,0.071608779446144,0.0970209557038204,,,,,,,,,,,,,,,,,,,
B1_known_truth,observation_noise_and_dropout,heldout_coupling_relative_frobenius,soft_iot,15.0,0.1241463088251642,0.090039839477343,0.1609383323319466,,,,,,,,,,,,,,,,,,,
B1_known_truth,observation_noise_and_dropout,coefficient_cosine,soft_iot,15.0,0.5947089279809432,0.4542354903754507,0.732048299352083,,,,,,,,,,,,,,,,,,,
B1_known_truth,observation_noise_and_dropout,coefficient_sign_accuracy,soft_iot,15.0,0.2222222222222222,0.1333333333333334,0.3,,,,,,,,,,,,,,,,,,,
B1_known_truth,observation_noise_and_dropout,pure_column_minimum_curvature,soft_iot,15.0,0.2503089619132481,0.213495366672145,0.2833454308892591,,,,,,,,,,,,,,,,,,,
B1_known_truth,observation_noise_and_dropout,restart_direction_variance,soft_iot,15.0,0.1030124041835771,0.0860665835686519,0.1196129225041015,,,,,,,,,,,,,,,,,,,
B1_known_truth,shared_plus_context_offset,heldout_coupling_relative_frobenius,soft_iot,15.0,-0.083403944491157,-0.1091640855889779,-0.0550596932477628,,,,,,,,,,,,,,,,,,,
B1_known_truth,shared_plus_context_offset,coefficient_cosine,soft_iot,15.0,0.6937446660531419,0.5063854725215005,0.8846555590470682,,,,,,,,,,,,,,,,,,,
B1_known_truth,shared_plus_context_offset,coefficient_sign_accuracy,soft_iot,15.0,0.3444444444444444,0.2444444444444444,0.4444444444444445,,,,,,,,,,,,,,,,,,,
B1_known_truth,shared_plus_context_offset,pure_column_minimum_curvature,soft_iot,15.0,0.2165772909161016,0.1826948299576969,0.2493914377092269,,,,,,,,,,,,,,,,,,,
B1_known_truth,shared_plus_context_offset,restart_direction_variance,soft_iot,15.0,0.1045198532558373,0.0880907373081598,0.1206534119893146,,,,,,,,,,,,,,,,,,,
B2_lineage_transition,,,,,,,,gse140802_t2_t16,UOT-IOT,0.999189304252851,0.9972169170573716,0.0001013369683936,0.95,,,,,,,,,,,,,
B2_lineage_transition,,,,,,,,gse140802_t2_t9,UOT-IOT,0.9985569175451944,0.9963128669912582,0.0001803853068507,1.0,,,,,,,,,,,,,
B2_lineage_transition,,,,,,,,gse239651_transition_panel,UOT-IOT,0.9999999999996774,0.9999999999990508,4.608330652804224e-14,1.0,,,,,,,,,,,,,
B2_lineage_transition,,,,,,,,macsgestalt_transition_panel,UOT-IOT,0.999999999999972,0.9999999999999384,5.560000779658263e-15,1.0,,,,,,,,,,,,,
B2_lineage_transition_output_proxy,,,,,,,,gse140802_t2_t16,mioflow,,,,,output_change_proxy,5.0,0.9867831219113228,0.9620641010947786,0.0001312567081836,,,,,,,,
B2_lineage_transition_output_proxy,,,,,,,,gse140802_t2_t16,prescient,,,,,output_change_proxy,5.0,0.9996784168693672,0.9992688034897268,4.6528386527618354e-08,,,,,,,,
B2_lineage_transition_output_proxy,,,,,,,,gse140802_t2_t16,tigon,,,,,output_change_proxy,5.0,0.811179784426215,0.6751141051349906,0.010822910713117,,,,,,,,
B2_lineage_transition_output_proxy,,,,,,,,gse140802_t2_t16,UOT-IOT,,,,,output_change_proxy,5.0,0.9999999999999948,0.9999999999999898,1.1756218768085357e-29,,,,,,,,
B2_lineage_transition_output_proxy,,,,,,,,gse140802_t2_t9,mioflow,,,,,output_change_proxy,5.0,0.9785732579589712,0.9335445146305332,0.0004315078109701,,,,,,,,
B2_lineage_transition_output_proxy,,,,,,,,gse140802_t2_t9,prescient,,,,,output_change_proxy,5.0,0.9992159151004486,0.99782839768188,4.1568343052165014e-07,,,,,,,,
B2_lineage_transition_output_proxy,,,,,,,,gse140802_t2_t9,tigon,,,,,output_change_proxy,5.0,0.7347261184567122,0.5990222727199811,0.0161151300449865,,,,,,,,
B2_lineage_transition_output_proxy,,,,,,,,gse140802_t2_t9,UOT-IOT,,,,,output_change_proxy,5.0,0.9999999999999944,0.9999999999999892,1.0205887961296839e-29,,,,,,,,
B2_lineage_transition_output_proxy,,,,,,,,gse239651_transition_panel,mioflow,,,,,output_change_proxy,5.0,0.991472354292795,0.9797715455910626,2.6772836779552747e-05,,,,,,,,
B2_lineage_transition_output_proxy,,,,,,,,gse239651_transition_panel,prescient,,,,,output_change_proxy,5.0,0.999718621763674,0.9994089979443004,2.2108592849093744e-08,,,,,,,,
B2_lineage_transition_output_proxy,,,,,,,,gse239651_transition_panel,tigon,,,,,output_change_proxy,5.0,0.9848122044126048,0.9633524685369584,0.0001108688234851,,,,,,,,
B2_lineage_transition_output_proxy,,,,,,,,gse239651_transition_panel,UOT-IOT,,,,,output_change_proxy,5.0,0.9999999999999828,0.9999999999999653,8.623646635251988e-29,,,,,,,,
B2_lineage_transition_output_proxy,,,,,,,,macsgestalt_transition_panel,mioflow,,,,,output_change_proxy,5.0,0.999147362798084,0.9981557161886372,2.9937227770014384e-07,,,,,,,,
B2_lineage_transition_output_proxy,,,,,,,,macsgestalt_transition_panel,prescient,,,,,output_change_proxy,5.0,0.9985857096462916,0.9962378084695191,1.6779070795147743e-06,,,,,,,,
B2_lineage_transition_output_proxy,,,,,,,,macsgestalt_transition_panel,tigon,,,,,output_change_proxy,5.0,0.9906353475066324,0.9754842138450092,0.0001123355780941,,,,,,,,
B2_lineage_transition_output_proxy,,,,,,,,macsgestalt_transition_panel,UOT-IOT,,,,,output_change_proxy,5.0,0.9999999999999524,0.9999999999998828,1.2563185126721335e-27,,,,,,,,
external_frozen_direction,,conditional_transition_mae_gain_over_independence,,,,0.0280030501463581,0.0298753725638859,,,,,,,,,,,,GSE163558,GSE246662,GSM7874175_LM1,frozen_before_validation,0.0290196646248589,200.0,True,0.2082106538216941
external_frozen_direction,,conditional_transition_mae_gain_over_independence,,,,0.0207568095326046,0.0239218660063596,,,,,,,,,,,,GSE163558,GSE246662,GSM7874176_LM2,frozen_before_validation,0.0223080073324266,200.0,True,0.1621098916859902
external_frozen_direction,,conditional_transition_mae_gain_over_independence,,,,0.0289964311641579,0.0313483896185037,,,,,,,,,,,,GSE163558,GSE246662,GSM7874177_LM3,frozen_before_validation,0.0301460531965383,200.0,True,0.1986557010601491
external_frozen_direction,,conditional_transition_mae_gain_over_independence,,,,0.0409769540077706,0.0469881721565458,,,,,,,,,,,,GSE163558,GSE183904,s19,frozen_before_validation,0.0437538300366153,200.0,True,0.2872568510641332
external_frozen_direction,,conditional_transition_mae_gain_over_independence,,,,0.0710046599141826,0.0761329001343414,,,,,,,,,,,,GSE163558,GSE183904,s20,frozen_before_validation,0.0735746918829006,200.0,True,0.4609673918350048
external_frozen_direction,,conditional_transition_mae_gain_over_independence,,,,0.0549188589190246,0.0622782911157637,,,,,,,,,,,,GSE163558,GSE183904,s38,frozen_before_validation,0.0586592208897275,200.0,True,0.3801399287265014
