condition,window,state,observed,predicted,n_cases
DMSO,DMSO_d21 -> DMSO_d139,0,0.3596260001397845,0.2611422578558763,121
DMSO,DMSO_d21 -> DMSO_d139,1,0.0,0.003381241411994557,121
DMSO,DMSO_d21 -> DMSO_d139,2,0.17967307288526774,0.07350947986904871,121
DMSO,DMSO_d21 -> DMSO_d139,3,0.36809074569398764,0.5571558102930079,121
DMSO,DMSO_d21 -> DMSO_d139,4,0.09261018128096009,0.10167532835645234,121
DMSO,DMSO_d21 -> DMSO_d139,5,0.0,0.0031358822136200557,121
DMSO,DMSO_d21 -> DMSO_d42,0,0.40058479532163743,0.24739654282834903,57
DMSO,DMSO_d21 -> DMSO_d42,1,0.0,0.0033937179088493917,57
DMSO,DMSO_d21 -> DMSO_d42,2,0.017543859649122806,0.07455413074281503,57
DMSO,DMSO_d21 -> DMSO_d42,3,0.5116959064327485,0.5764365314376684,57
DMSO,DMSO_d21 -> DMSO_d42,4,0.07017543859649122,0.09507382845335845,57
DMSO,DMSO_d21 -> DMSO_d42,5,0.0,0.003145248628959752,57
DMSO,DMSO_d21 -> DMSO_d69,0,0.13905962652958098,0.2703999076090889,176
DMSO,DMSO_d21 -> DMSO_d69,1,0.0,0.0035098871692903367,176
DMSO,DMSO_d21 -> DMSO_d69,2,0.007954545454545454,0.08195890778900643,176
DMSO,DMSO_d21 -> DMSO_d69,3,0.7948852237414324,0.5339749836813124,176
DMSO,DMSO_d21 -> DMSO_d69,4,0.05810060427444108,0.10691079446142432,176
DMSO,DMSO_d21 -> DMSO_d69,5,0.0,0.0032455192898777335,176
DMSO,DMSO_d21 -> DMSO_d98,0,0.3254203180120334,0.25997658005740515,152
DMSO,DMSO_d21 -> DMSO_d98,1,0.0,0.0034904699556438773,152
DMSO,DMSO_d21 -> DMSO_d98,2,0.010307017543859648,0.07947725276950057,152
DMSO,DMSO_d21 -> DMSO_d98,3,0.5830138366808214,0.5508807244091561,152
DMSO,DMSO_d21 -> DMSO_d98,4,0.08125882776328552,0.10294684032785069,152
DMSO,DMSO_d21 -> DMSO_d98,5,0.0,0.003228132480443615,152
DMSO,DMSO_d3 -> DMSO_d139,0,0.3596260001397845,0.37138462147441226,121
DMSO,DMSO_d3 -> DMSO_d139,1,0.0,0.0030733773730379802,121
DMSO,DMSO_d3 -> DMSO_d139,2,0.17967307288526774,0.052538539666745133,121
DMSO,DMSO_d3 -> DMSO_d139,3,0.36809074569398764,0.5049002376876194,121
DMSO,DMSO_d3 -> DMSO_d139,4,0.09261018128096009,0.06523375893431653,121
DMSO,DMSO_d3 -> DMSO_d139,5,0.0,0.0028694648638687382,121
DMSO,DMSO_d3 -> DMSO_d21,0,0.11298363095238095,0.37336899500953535,128
DMSO,DMSO_d3 -> DMSO_d21,1,0.0,0.003063420537136067,128
DMSO,DMSO_d3 -> DMSO_d21,2,0.014918154761904761,0.052230426742896824,128
DMSO,DMSO_d3 -> DMSO_d21,3,0.7466424851190476,0.5035465569722837,128
DMSO,DMSO_d3 -> DMSO_d21,4,0.12545572916666667,0.06492952531550188,128
DMSO,DMSO_d3 -> DMSO_d21,5,0.0,0.002861075422646229,128
DMSO,DMSO_d3 -> DMSO_d42,0,0.40058479532163743,0.3888753885688755,57
DMSO,DMSO_d3 -> DMSO_d42,1,0.0,0.0030294923586278474,57
DMSO,DMSO_d3 -> DMSO_d42,2,0.017543859649122806,0.049406678644230415,57
DMSO,DMSO_d3 -> DMSO_d42,3,0.5116959064327485,0.49332539834434824,57
DMSO,DMSO_d3 -> DMSO_d42,4,0.07017543859649122,0.06253113279899115,57
DMSO,DMSO_d3 -> DMSO_d42,5,0.0,0.0028319092849268014,57
DMSO,DMSO_d3 -> DMSO_d6,0,0.2533277926930261,0.37201271512732914,182
DMSO,DMSO_d3 -> DMSO_d6,1,0.0,0.0032114658290843525,182
DMSO,DMSO_d3 -> DMSO_d6,2,0.023600002141407922,0.06150262689844397,182
DMSO,DMSO_d3 -> DMSO_d6,3,0.6401151054853687,0.48444054499531003,182
DMSO,DMSO_d3 -> DMSO_d6,4,0.08295709968019735,0.07584487059302496,182
DMSO,DMSO_d3 -> DMSO_d6,5,0.0,0.0029877765568073257,182
DMSO,DMSO_d3 -> DMSO_d69,0,0.13905962652958098,0.36761857365475076,176
DMSO,DMSO_d3 -> DMSO_d69,1,0.0,0.003134823084517842,176
DMSO,DMSO_d3 -> DMSO_d69,2,0.007954545454545454,0.05603403329462989,176
DMSO,DMSO_d3 -> DMSO_d69,3,0.7948852237414324,0.5007806804969768,176
DMSO,DMSO_d3 -> DMSO_d69,4,0.05810060427444108,0.06950987449528503,176
DMSO,DMSO_d3 -> DMSO_d69,5,0.0,0.002922014973839721,176
DMSO,DMSO_d3 -> DMSO_d98,0,0.3254203180120334,0.3752872909366765,152
DMSO,DMSO_d3 -> DMSO_d98,1,0.0,0.003183411598725875,152
DMSO,DMSO_d3 -> DMSO_d98,2,0.010307017543859648,0.059500584017213295,152
DMSO,DMSO_d3 -> DMSO_d98,3,0.5830138366808214,0.4848651847893472,152
DMSO,DMSO_d3 -> DMSO_d98,4,0.08125882776328552,0.07419955192977255,152
DMSO,DMSO_d3 -> DMSO_d98,5,0.0,0.0029639767282645143,152
DMSO,DMSO_d42 -> DMSO_d139,0,0.3596260001397845,0.3272687832911282,121
DMSO,DMSO_d42 -> DMSO_d139,1,0.0,0.003992419235752532,121
DMSO,DMSO_d42 -> DMSO_d139,2,0.17967307288526774,0.10989572127676818,121
DMSO,DMSO_d42 -> DMSO_d139,3,0.36809074569398764,0.42552453413465435,121
DMSO,DMSO_d42 -> DMSO_d139,4,0.09261018128096009,0.1296619340558548,121
DMSO,DMSO_d42 -> DMSO_d139,5,0.0,0.0036566080058420556,121
DMSO,DMSO_d42 -> DMSO_d69,0,0.13905962652958098,0.3412559529366385,176
DMSO,DMSO_d42 -> DMSO_d69,1,0.0,0.003999695642437385,176
DMSO,DMSO_d42 -> DMSO_d69,2,0.007954545454545454,0.10983598501138749,176
DMSO,DMSO_d42 -> DMSO_d69,3,0.7948852237414324,0.4107710632837673,176
DMSO,DMSO_d42 -> DMSO_d69,4,0.05810060427444108,0.13047447223279288,176
DMSO,DMSO_d42 -> DMSO_d69,5,0.0,0.0036628308929763944,176
DMSO,DMSO_d42 -> DMSO_d98,0,0.3254203180120334,0.3421802425587325,152
DMSO,DMSO_d42 -> DMSO_d98,1,0.0,0.003978306145305903,152
DMSO,DMSO_d42 -> DMSO_d98,2,0.010307017543859648,0.10877173948921334,152
DMSO,DMSO_d42 -> DMSO_d98,3,0.5830138366808214,0.41168984487287996,152
DMSO,DMSO_d42 -> DMSO_d98,4,0.08125882776328552,0.12973516513996267,152
DMSO,DMSO_d42 -> DMSO_d98,5,0.0,0.0036447017939056185,152
DMSO,DMSO_d6 -> DMSO_d139,0,0.3596260001397845,0.308349151684182,121
DMSO,DMSO_d6 -> DMSO_d139,1,0.0,0.0031113717074947394,121
DMSO,DMSO_d6 -> DMSO_d139,2,0.17967307288526774,0.056878825734389904,121
DMSO,DMSO_d6 -> DMSO_d139,3,0.36809074569398764,0.5521716127355478,121
DMSO,DMSO_d6 -> DMSO_d139,4,0.09261018128096009,0.07658525522528124,121
DMSO,DMSO_d6 -> DMSO_d139,5,0.0,0.002903782913104265,121
DMSO,DMSO_d6 -> DMSO_d21,0,0.11298363095238095,0.30360839704509607,128
DMSO,DMSO_d6 -> DMSO_d21,1,0.0,0.0030629353123787333,128
DMSO,DMSO_d6 -> DMSO_d21,2,0.014918154761904761,0.05415750377401125,128
DMSO,DMSO_d6 -> DMSO_d21,3,0.7466424851190476,0.56235954339916,128
DMSO,DMSO_d6 -> DMSO_d21,4,0.12545572916666667,0.07394914570510695,128
DMSO,DMSO_d6 -> DMSO_d21,5,0.0,0.0028624747642470106,128
DMSO,DMSO_d6 -> DMSO_d42,0,0.40058479532163743,0.3169617995157697,57
DMSO,DMSO_d6 -> DMSO_d42,1,0.0,0.003065296547169721,57
DMSO,DMSO_d6 -> DMSO_d42,2,0.017543859649122806,0.05711127621070383,57
DMSO,DMSO_d6 -> DMSO_d42,3,0.5116959064327485,0.5455789857398906,57
DMSO,DMSO_d6 -> DMSO_d42,4,0.07017543859649122,0.07441748061296179,57
DMSO,DMSO_d6 -> DMSO_d42,5,0.0,0.0028651613735044892,57
DMSO,DMSO_d6 -> DMSO_d69,0,0.13905962652958098,0.3098813129091687,176
DMSO,DMSO_d6 -> DMSO_d69,1,0.0,0.0031751450743515296,176
DMSO,DMSO_d6 -> DMSO_d69,2,0.007954545454545454,0.06105636546902697,176
DMSO,DMSO_d6 -> DMSO_d69,3,0.7948852237414324,0.5437646430776243,176
DMSO,DMSO_d6 -> DMSO_d69,4,0.05810060427444108,0.07916441430568628,176
DMSO,DMSO_d6 -> DMSO_d69,5,0.0,0.0029581191641421885,176
DMSO,DMSO_d6 -> DMSO_d98,0,0.3254203180120334,0.31000000216608115,152
DMSO,DMSO_d6 -> DMSO_d98,1,0.0,0.003204948638778764,152
DMSO,DMSO_d6 -> DMSO_d98,2,0.010307017543859648,0.06366268238398265,152
DMSO,DMSO_d6 -> DMSO_d98,3,0.5830138366808214,0.5379660182188458,152
DMSO,DMSO_d6 -> DMSO_d98,4,0.08125882776328552,0.08218238087794134,152
DMSO,DMSO_d6 -> DMSO_d98,5,0.0,0.0029839677143702003,152
DMSO,DMSO_d69 -> DMSO_d139,0,0.3596260001397845,0.24465445568494965,121
DMSO,DMSO_d69 -> DMSO_d139,1,0.0,0.0031673350175961297,121
DMSO,DMSO_d69 -> DMSO_d139,2,0.17967307288526774,0.0578225510499846,121
DMSO,DMSO_d69 -> DMSO_d139,3,0.36809074569398764,0.6176768808305544,121
DMSO,DMSO_d69 -> DMSO_d139,4,0.09261018128096009,0.073728969121916,121
DMSO,DMSO_d69 -> DMSO_d139,5,0.0,0.0029498082949991748,121
DMSO,DMSO_d69 -> DMSO_d98,0,0.3254203180120334,0.24739013758775952,152
DMSO,DMSO_d69 -> DMSO_d98,1,0.0,0.0032110486033953313,152
DMSO,DMSO_d69 -> DMSO_d98,2,0.010307017543859648,0.061131655638958116,152
DMSO,DMSO_d69 -> DMSO_d98,3,0.5830138366808214,0.6094407530239968,152
DMSO,DMSO_d69 -> DMSO_d98,4,0.08125882776328552,0.07583919520786803,152
DMSO,DMSO_d69 -> DMSO_d98,5,0.0,0.0029872099380223623,152
DMSO,DMSO_d98 -> DMSO_d139,0,0.3596260001397845,0.33556285911845923,121
DMSO,DMSO_d98 -> DMSO_d139,1,0.0,0.0032732134156268624,121
DMSO,DMSO_d98 -> DMSO_d139,2,0.17967307288526774,0.0661406064605203,121
DMSO,DMSO_d98 -> DMSO_d139,3,0.36809074569398764,0.5093030566024223,121
DMSO,DMSO_d98 -> DMSO_d139,4,0.09261018128096009,0.08267887514337909,121
DMSO,DMSO_d98 -> DMSO_d139,5,0.0,0.0030413892595922676,121
DMSO,day0 -> DMSO_d139,0,0.3596260001397845,0.40120618321140367,121
DMSO,day0 -> DMSO_d139,1,0.0,0.0028463047776884636,121
DMSO,day0 -> DMSO_d139,2,0.17967307288526774,0.03826660216047646,121
DMSO,day0 -> DMSO_d139,3,0.36809074569398764,0.5103560650730902,121
DMSO,day0 -> DMSO_d139,4,0.09261018128096009,0.044650662833022554,121
DMSO,day0 -> DMSO_d139,5,0.0,0.0026741819443187077,121
DMSO,day0 -> DMSO_d21,0,0.11298363095238095,0.3911794894269683,128
DMSO,day0 -> DMSO_d21,1,0.0,0.002848131972656958,128
DMSO,day0 -> DMSO_d21,2,0.014918154761904761,0.03914482467245489,128
DMSO,day0 -> DMSO_d21,3,0.7466424851190476,0.5193965330574116,128
DMSO,day0 -> DMSO_d21,4,0.12545572916666667,0.04475515129622788,128
DMSO,day0 -> DMSO_d21,5,0.0,0.002675869574280275,128
DMSO,day0 -> DMSO_d3,0,0.4021601281169917,0.40480861949482394,189
DMSO,day0 -> DMSO_d3,1,0.0,0.0028294989524197756,189
DMSO,day0 -> DMSO_d3,2,0.008240312246968673,0.034899416570549895,189
DMSO,day0 -> DMSO_d3,3,0.5412641363734171,0.5148899058956626,189
DMSO,day0 -> DMSO_d3,4,0.048335423262622496,0.03991335803078611,189
DMSO,day0 -> DMSO_d3,5,0.0,0.002659201055757514,189
DMSO,day0 -> DMSO_d42,0,0.40058479532163743,0.4093652393876145,57
DMSO,day0 -> DMSO_d42,1,0.0,0.002838174256500975,57
DMSO,day0 -> DMSO_d42,2,0.017543859649122806,0.036071336724296625,57
DMSO,day0 -> DMSO_d42,3,0.5116959064327485,0.5064749421178385,57
DMSO,day0 -> DMSO_d42,4,0.07017543859649122,0.04258367790735215,57
DMSO,day0 -> DMSO_d42,5,0.0,0.0026666296063972295,57
DMSO,day0 -> DMSO_d6,0,0.2533277926930261,0.3912114513317602,182
DMSO,day0 -> DMSO_d6,1,0.0,0.0028470261838526943,182
DMSO,day0 -> DMSO_d6,2,0.023600002141407922,0.039059058706483525,182
DMSO,day0 -> DMSO_d6,3,0.6401151054853687,0.5186140208804949,182
DMSO,day0 -> DMSO_d6,4,0.08295709968019735,0.045593521795025925,182
DMSO,day0 -> DMSO_d6,5,0.0,0.0026749211023827523,182
DMSO,day0 -> DMSO_d69,0,0.13905962652958098,0.38638439092373705,176
DMSO,day0 -> DMSO_d69,1,0.0,0.0028521797925955853,176
DMSO,day0 -> DMSO_d69,2,0.007954545454545454,0.03942356656194333,176
DMSO,day0 -> DMSO_d69,3,0.7948852237414324,0.5218941600554099,176
DMSO,day0 -> DMSO_d69,4,0.05810060427444108,0.04676606554806579,176
DMSO,day0 -> DMSO_d69,5,0.0,0.002679637118248439,176
DMSO,day0 -> DMSO_d98,0,0.3254203180120334,0.3658454210151925,152
DMSO,day0 -> DMSO_d98,1,0.0,0.0028415266946117176,152
DMSO,day0 -> DMSO_d98,2,0.010307017543859648,0.03764423761635589,152
DMSO,day0 -> DMSO_d98,3,0.5830138366808214,0.5478721374804177,152
DMSO,day0 -> DMSO_d98,4,0.08125882776328552,0.043126968640784386,152
DMSO,day0 -> DMSO_d98,5,0.0,0.002669708552637584,152
ispinesib,day0 -> ispi_d139,0,0.0,0.1422195984440376,91
ispinesib,day0 -> ispi_d139,1,0.0,0.0026952875541280626,91
ispinesib,day0 -> ispi_d139,2,0.031135531135531132,0.013888705331360371,91
ispinesib,day0 -> ispi_d139,3,0.8846153846153846,0.7496862544330806,91
ispinesib,day0 -> ispi_d139,4,0.08424908424908424,0.08881110119639843,91
ispinesib,day0 -> ispi_d139,5,0.0,0.0026990530409949647,91
ispinesib,day0 -> ispi_d21,0,0.28096023888103094,0.14472579540772543,101
ispinesib,day0 -> ispi_d21,1,0.0,0.00272470257946738,101
ispinesib,day0 -> ispi_d21,2,0.022316517366022318,0.015299537881345747,101
ispinesib,day0 -> ispi_d21,3,0.6565692283514065,0.7437808599174262,101
ispinesib,day0 -> ispi_d21,4,0.04015401540154015,0.09074058141739333,101
ispinesib,day0 -> ispi_d21,5,0.0,0.0027285227966418594,101
ispinesib,day0 -> ispi_d3,0,0.1262728341278376,0.16441217050374332,172
ispinesib,day0 -> ispi_d3,1,0.0,0.0027188055196931808,172
ispinesib,day0 -> ispi_d3,2,0.02104097452934662,0.01458956343951302,172
ispinesib,day0 -> ispi_d3,3,0.8187253201726423,0.717463589699739,172
ispinesib,day0 -> ispi_d3,4,0.0339608711701735,0.09809324013533506,172
ispinesib,day0 -> ispi_d3,5,0.0,0.002722630701976467,172
ispinesib,day0 -> ispi_d42,0,0.07398680455452714,0.1461431149923445,169
ispinesib,day0 -> ispi_d42,1,0.0,0.0027211051180638358,169
ispinesib,day0 -> ispi_d42,2,0.0067061143984220905,0.014904783969935706,169
ispinesib,day0 -> ispi_d42,3,0.7964847764400724,0.7435913453265648,169
ispinesib,day0 -> ispi_d42,4,0.12282230460697838,0.08991473351481424,169
ispinesib,day0 -> ispi_d42,5,0.0,0.0027249170782770206,169
ispinesib,day0 -> ispi_d6,0,0.15470521541950114,0.14381055183099942,126
ispinesib,day0 -> ispi_d6,1,0.0,0.002695803829681394,126
ispinesib,day0 -> ispi_d6,2,0.025793650793650792,0.014345819900225524,126
ispinesib,day0 -> ispi_d6,3,0.7036848072562358,0.7480207323556561,126
ispinesib,day0 -> ispi_d6,4,0.11581632653061225,0.08842751747734769,126
ispinesib,day0 -> ispi_d6,5,0.0,0.0026995746060898204,126
ispinesib,day0 -> ispi_d69,0,0.1206665111498729,0.1337881807649548,167
ispinesib,day0 -> ispi_d69,1,0.0,0.0026626315601679484,167
ispinesib,day0 -> ispi_d69,2,0.010196274118429808,0.014183705199950505,167
ispinesib,day0 -> ispi_d69,3,0.7729374349543616,0.7642690200274592,167
ispinesib,day0 -> ispi_d69,4,0.09619977977733572,0.08243011399594051,167
ispinesib,day0 -> ispi_d69,5,0.0,0.002666348451527041,167
ispinesib,day0 -> ispi_d98,0,0.16512324468125159,0.14558870001212182,98
ispinesib,day0 -> ispi_d98,1,0.0,0.002709092754523456,98
ispinesib,day0 -> ispi_d98,2,0.04226313909712084,0.014172960415891831,98
ispinesib,day0 -> ispi_d98,3,0.7573743257755027,0.7453313876306923,98
ispinesib,day0 -> ispi_d98,4,0.03523929044612503,0.08948497783959236,98
ispinesib,day0 -> ispi_d98,5,0.0,0.0027128813471780184,98
ispinesib,ispi_d21 -> ispi_d139,0,0.0,0.12816788186797667,91
ispinesib,ispi_d21 -> ispi_d139,1,0.0,0.0030441530252269815,91
ispinesib,ispi_d21 -> ispi_d139,2,0.031135531135531132,0.027564348279623656,91
ispinesib,ispi_d21 -> ispi_d139,3,0.8846153846153846,0.7323923400388416,91
ispinesib,ispi_d21 -> ispi_d139,4,0.08424908424908424,0.10578293729012109,91
ispinesib,ispi_d21 -> ispi_d139,5,0.0,0.0030483394982098073,91
ispinesib,ispi_d21 -> ispi_d42,0,0.07398680455452714,0.14033913051401706,169
ispinesib,ispi_d21 -> ispi_d42,1,0.0,0.003184957886312926,169
ispinesib,ispi_d21 -> ispi_d42,2,0.0067061143984220905,0.03079025953220932,169
ispinesib,ispi_d21 -> ispi_d42,3,0.7964847764400724,0.7033723301446049,169
ispinesib,ispi_d21 -> ispi_d42,4,0.12282230460697838,0.11912398425132555,169
ispinesib,ispi_d21 -> ispi_d42,5,0.0,0.0031893376715303127,169
ispinesib,ispi_d21 -> ispi_d69,0,0.1206665111498729,0.1343661460759548,167
ispinesib,ispi_d21 -> ispi_d69,1,0.0,0.003169960807286997,167
ispinesib,ispi_d21 -> ispi_d69,2,0.010196274118429808,0.030869308876967073,167
ispinesib,ispi_d21 -> ispi_d69,3,0.7729374349543616,0.7107221707280074,167
ispinesib,ispi_d21 -> ispi_d69,4,0.09619977977733572,0.1176980984845589,167
ispinesib,ispi_d21 -> ispi_d69,5,0.0,0.0031743150272248075,167
ispinesib,ispi_d21 -> ispi_d98,0,0.16512324468125159,0.13383875917914498,98
ispinesib,ispi_d21 -> ispi_d98,1,0.0,0.0030601993320332165,98
ispinesib,ispi_d21 -> ispi_d98,2,0.04226313909712084,0.027750076668520855,98
ispinesib,ispi_d21 -> ispi_d98,3,0.7573743257755027,0.7235565015012255,98
ispinesib,ispi_d21 -> ispi_d98,4,0.03523929044612503,0.10873004169722819,98
ispinesib,ispi_d21 -> ispi_d98,5,0.0,0.0030644216218474315,98
ispinesib,ispi_d3 -> ispi_d139,0,0.0,0.07490182911723989,91
ispinesib,ispi_d3 -> ispi_d139,1,0.0,0.002557125348745323,91
ispinesib,ispi_d3 -> ispi_d139,2,0.031135531135531132,0.017180304044693118,91
ispinesib,ispi_d3 -> ispi_d139,3,0.8846153846153846,0.8406308591513088,91
ispinesib,ispi_d3 -> ispi_d139,4,0.08424908424908424,0.062169248555167145,91
ispinesib,ispi_d3 -> ispi_d139,5,0.0,0.002560633782845724,91
ispinesib,ispi_d3 -> ispi_d21,0,0.28096023888103094,0.08254591952459248,101
ispinesib,ispi_d3 -> ispi_d21,1,0.0,0.0026544584581748762,101
ispinesib,ispi_d3 -> ispi_d21,2,0.022316517366022318,0.019906378345709404,101
ispinesib,ispi_d3 -> ispi_d21,3,0.6565692283514065,0.8216212344445268,101
ispinesib,ispi_d3 -> ispi_d21,4,0.04015401540154015,0.07061390203055488,101
ispinesib,ispi_d3 -> ispi_d21,5,0.0,0.0026581071964415872,101
ispinesib,ispi_d3 -> ispi_d42,0,0.07398680455452714,0.08206985314778856,169
ispinesib,ispi_d3 -> ispi_d42,1,0.0,0.0026712163268734546,169
ispinesib,ispi_d3 -> ispi_d42,2,0.0067061143984220905,0.020266562366091326,169
ispinesib,ispi_d3 -> ispi_d42,3,0.7964847764400724,0.8193041352421702,169
ispinesib,ispi_d3 -> ispi_d42,4,0.12282230460697838,0.07301334894370883,169
ispinesib,ispi_d3 -> ispi_d42,5,0.0,0.002674883973367611,169
ispinesib,ispi_d3 -> ispi_d6,0,0.15470521541950114,0.07970571179434421,126
ispinesib,ispi_d3 -> ispi_d6,1,0.0,0.0025630824348106527,126
ispinesib,ispi_d3 -> ispi_d6,2,0.025793650793650792,0.01759519530920057,126
ispinesib,ispi_d3 -> ispi_d6,3,0.7036848072562358,0.8322344789134083,126
ispinesib,ispi_d3 -> ispi_d6,4,0.11581632653061225,0.06533492257439932,126
ispinesib,ispi_d3 -> ispi_d6,5,0.0,0.0025666089738369457,126
ispinesib,ispi_d3 -> ispi_d69,0,0.1206665111498729,0.07972407072191752,167
ispinesib,ispi_d3 -> ispi_d69,1,0.0,0.0026527006843418315,167
ispinesib,ispi_d3 -> ispi_d69,2,0.010196274118429808,0.0198822009412015,167
ispinesib,ispi_d3 -> ispi_d69,3,0.7729374349543616,0.8246536440676082,167
ispinesib,ispi_d3 -> ispi_d69,4,0.09619977977733572,0.07043104469749206,167
ispinesib,ispi_d3 -> ispi_d69,5,0.0,0.0026563388874389737,167
ispinesib,ispi_d3 -> ispi_d98,0,0.16512324468125159,0.07349069541689782,98
ispinesib,ispi_d3 -> ispi_d98,1,0.0,0.002560255019418328,98
ispinesib,ispi_d3 -> ispi_d98,2,0.04226313909712084,0.017196208156484604,98
ispinesib,ispi_d3 -> ispi_d98,3,0.7573743257755027,0.8411282315410611,98
ispinesib,ispi_d3 -> ispi_d98,4,0.03523929044612503,0.06306084687109226,98
ispinesib,ispi_d3 -> ispi_d98,5,0.0,0.0025637629950459933,98
ispinesib,ispi_d42 -> ispi_d139,0,0.0,0.07414386252673966,91
ispinesib,ispi_d42 -> ispi_d139,1,0.0,0.0026023952624892725,91
ispinesib,ispi_d42 -> ispi_d139,2,0.031135531135531132,0.017442704772104318,91
ispinesib,ispi_d42 -> ispi_d139,3,0.8846153846153846,0.8282401434154327,91
ispinesib,ispi_d42 -> ispi_d139,4,0.08424908424908424,0.0749649343463949,91
ispinesib,ispi_d42 -> ispi_d139,5,0.0,0.0026059596768390723,91
ispinesib,ispi_d42 -> ispi_d69,0,0.1206665111498729,0.0868181982390612,167
ispinesib,ispi_d42 -> ispi_d69,1,0.0,0.0027208903998961554,167
ispinesib,ispi_d42 -> ispi_d69,2,0.010196274118429808,0.02000271137364163,167
ispinesib,ispi_d42 -> ispi_d69,3,0.7729374349543616,0.7999503094708159,167
ispinesib,ispi_d42 -> ispi_d69,4,0.09619977977733572,0.0877832639462639,167
ispinesib,ispi_d42 -> ispi_d69,5,0.0,0.0027246265703211934,167
ispinesib,ispi_d42 -> ispi_d98,0,0.16512324468125159,0.0727129949767804,98
ispinesib,ispi_d42 -> ispi_d98,1,0.0,0.0025711775475912284,98
ispinesib,ispi_d42 -> ispi_d98,2,0.04226313909712084,0.01640284834993149,98
ispinesib,ispi_d42 -> ispi_d98,3,0.7573743257755027,0.8313341580823236,98
ispinesib,ispi_d42 -> ispi_d98,4,0.03523929044612503,0.07440411797942292,98
ispinesib,ispi_d42 -> ispi_d98,5,0.0,0.0025747030639502676,98
ispinesib,ispi_d6 -> ispi_d139,0,0.0,0.10852101989681597,91
ispinesib,ispi_d6 -> ispi_d139,1,0.0,0.0028188550255388114,91
ispinesib,ispi_d6 -> ispi_d139,2,0.031135531135531132,0.021485826182219326,91
ispinesib,ispi_d6 -> ispi_d139,3,0.8846153846153846,0.7662846043961453,91
ispinesib,ispi_d6 -> ispi_d139,4,0.08424908424908424,0.09806694151565774,91
ispinesib,ispi_d6 -> ispi_d139,5,0.0,0.0028227529836228333,91
ispinesib,ispi_d6 -> ispi_d21,0,0.28096023888103094,0.10392123766302899,101
ispinesib,ispi_d6 -> ispi_d21,1,0.0,0.0027873256525857352,101
ispinesib,ispi_d6 -> ispi_d21,2,0.022316517366022318,0.020674774317983004,101
ispinesib,ispi_d6 -> ispi_d21,3,0.6565692283514065,0.7753203964314921,101
ispinesib,ispi_d6 -> ispi_d21,4,0.04015401540154015,0.09450509542249294,101
ispinesib,ispi_d6 -> ispi_d21,5,0.0,0.0027911705124175645,101
ispinesib,ispi_d6 -> ispi_d42,0,0.07398680455452714,0.11234941238531614,169
ispinesib,ispi_d6 -> ispi_d42,1,0.0,0.0029353684415726945,169
ispinesib,ispi_d6 -> ispi_d42,2,0.0067061143984220905,0.02496371899140163,169
ispinesib,ispi_d6 -> ispi_d42,3,0.7964847764400724,0.7524497652881282,169
ispinesib,ispi_d6 -> ispi_d42,4,0.12282230460697838,0.10436232432237734,169
ispinesib,ispi_d6 -> ispi_d42,5,0.0,0.002939410571204171,169
ispinesib,ispi_d6 -> ispi_d69,0,0.1206665111498729,0.11460100233799966,167
ispinesib,ispi_d6 -> ispi_d69,1,0.0,0.00295465845484271,167
ispinesib,ispi_d6 -> ispi_d69,2,0.010196274118429808,0.025318368527501016,167
ispinesib,ispi_d6 -> ispi_d69,3,0.7729374349543616,0.7486853442965933,167
ispinesib,ispi_d6 -> ispi_d69,4,0.09619977977733572,0.10548190171534624,167
ispinesib,ispi_d6 -> ispi_d69,5,0.0,0.0029587246677169983,167
ispinesib,ispi_d6 -> ispi_d98,0,0.16512324468125159,0.1027204667543461,98
ispinesib,ispi_d6 -> ispi_d98,1,0.0,0.0027788322660247606,98
ispinesib,ispi_d6 -> ispi_d98,2,0.04226313909712084,0.020554662057250195,98
ispinesib,ispi_d6 -> ispi_d98,3,0.7573743257755027,0.7777107748951748,98
ispinesib,ispi_d6 -> ispi_d98,4,0.03523929044612503,0.09345259906194392,98
ispinesib,ispi_d6 -> ispi_d98,5,0.0,0.0027826649652604226,98
ispinesib,ispi_d69 -> ispi_d139,0,0.0,0.0912820085935591,91
ispinesib,ispi_d69 -> ispi_d139,1,0.0,0.0026967209757088155,91
ispinesib,ispi_d69 -> ispi_d139,2,0.031135531135531132,0.019003241005283632,91
ispinesib,ispi_d69 -> ispi_d139,3,0.8846153846153846,0.8001209693922791,91
ispinesib,ispi_d69 -> ispi_d139,4,0.08424908424908424,0.08419662976976124,91
ispinesib,ispi_d69 -> ispi_d139,5,0.0,0.002700430263408401,91
ispinesib,ispi_d69 -> ispi_d98,0,0.16512324468125159,0.09530801971250745,98
ispinesib,ispi_d69 -> ispi_d98,1,0.0,0.0026901686904233,98
ispinesib,ispi_d69 -> ispi_d98,2,0.04226313909712084,0.018310225351556724,98
ispinesib,ispi_d69 -> ispi_d98,3,0.7573743257755027,0.7961049422850914,98
ispinesib,ispi_d69 -> ispi_d98,4,0.03523929044612503,0.08489276895867198,98
ispinesib,ispi_d69 -> ispi_d98,5,0.0,0.002693875001749115,98
ispinesib,ispi_d98 -> ispi_d139,0,0.0,0.11617153566554461,91
ispinesib,ispi_d98 -> ispi_d139,1,0.0,0.0029724496122145437,91
ispinesib,ispi_d98 -> ispi_d139,2,0.031135531135531132,0.026956979594279687,91
ispinesib,ispi_d98 -> ispi_d139,3,0.8846153846153846,0.7519324385931856,91
ispinesib,ispi_d98 -> ispi_d139,4,0.08424908424908424,0.0989900531407727,91
ispinesib,ispi_d98 -> ispi_d139,5,0.0,0.0029765433940029604,91
