dataset,method,seed,status,runtime_seconds,artifact,coupling_relative_frobenius,transition_weighted_l1,fate_pearson,fate_spearman,fate_top1_accuracy,objective
gse239651_transition_panel,wot,deterministic_or_method_default,success,3.874419000000216,results/B2_lineage_transition/wot/gse239651_transition_panel.npz,1.0054741329829409,0.5622235992510631,0.2829156431995213,0.3896638948429298,0.2727272727272727,
gse239651_transition_panel,moscot,deterministic_or_method_default,success,10.35936730000003,results/B2_lineage_transition/moscot/gse239651_transition_panel.npz,1.0022205766976555,0.5249415568089765,0.291872157616353,0.3878434498166115,0.282051282051282,
gse239651_transition_panel,lineageot,deterministic_or_method_default,success,4.060406099999909,results/B2_lineage_transition/lineageot/gse239651_transition_panel.npz,1.0026475896743297,0.5289717795563629,0.289347235711953,0.3761995226259312,0.282051282051282,
gse239651_transition_panel,cellrank2,deterministic_or_method_default,success,18.17139989999987,results/B2_lineage_transition/cellrank2/gse239651_transition_panel.npz,,,0.2924215843399057,0.357601455695145,0.351981351981352,
macsgestalt_transition_panel,wot,deterministic_or_method_default,success,3.2780704000001606,results/B2_lineage_transition/wot/macsgestalt_transition_panel.npz,0.9845342777272762,0.6528142047500569,0.6996693958746467,0.5498813965385022,0.7619047619047619,
macsgestalt_transition_panel,moscot,deterministic_or_method_default,success,8.9895247999998,results/B2_lineage_transition/moscot/macsgestalt_transition_panel.npz,0.9839620929046672,0.7191109716690901,0.678623130018003,0.565228977424694,0.7619047619047619,
macsgestalt_transition_panel,lineageot,deterministic_or_method_default,success,3.2980133000000933,results/B2_lineage_transition/lineageot/macsgestalt_transition_panel.npz,0.9901266067096132,0.7130570022441368,0.6789880726002673,0.5499124508501396,0.7619047619047619,
macsgestalt_transition_panel,cellrank2,deterministic_or_method_default,success,16.732700900000054,results/B2_lineage_transition/cellrank2/macsgestalt_transition_panel.npz,,,0.6633623991223192,0.4724090604735482,0.7380952380952381,
gse140802_t2_t16,wot,deterministic_or_method_default,success,3.3637782999999217,results/B2_lineage_transition/wot/gse140802_t2_t16.npz,0.993316708844632,0.0634264230787114,0.6877673287265326,0.6139979206853131,0.55,
gse140802_t2_t16,moscot,deterministic_or_method_default,success,8.850090099999761,results/B2_lineage_transition/moscot/gse140802_t2_t16.npz,0.9933254747328308,0.0639832164258949,0.6877696582668232,0.6139979206853131,0.55,
gse140802_t2_t16,lineageot,deterministic_or_method_default,success,4.625729200000023,results/B2_lineage_transition/lineageot/gse140802_t2_t16.npz,0.9933254747328308,0.0639832164258948,0.687769658266823,0.6139979206853131,0.55,
gse140802_t2_t16,cellrank2,deterministic_or_method_default,success,19.560309099999813,results/B2_lineage_transition/cellrank2/gse140802_t2_t16.npz,,,0.67655602763955,0.5966825914669532,0.55,
gse140802_t2_t9,wot,deterministic_or_method_default,success,3.410049699999945,results/B2_lineage_transition/wot/gse140802_t2_t9.npz,0.9985001033741996,0.0827091086097539,0.5474001244314879,0.5319530890326584,0.5526315789473685,
gse140802_t2_t9,moscot,deterministic_or_method_default,success,9.358690800000204,results/B2_lineage_transition/moscot/gse140802_t2_t9.npz,0.9985046076760864,0.0819341957707367,0.5474099056098471,0.535114767297792,0.5526315789473685,
gse140802_t2_t9,lineageot,deterministic_or_method_default,success,3.2721207999998114,results/B2_lineage_transition/lineageot/gse140802_t2_t9.npz,0.9985046076760864,0.0819341957707369,0.5474099056098471,0.535114767297792,0.5526315789473685,
gse140802_t2_t9,cellrank2,deterministic_or_method_default,success,16.78689940000004,results/B2_lineage_transition/cellrank2/gse140802_t2_t9.npz,,,0.4997407426093352,0.4938260367213805,0.5526315789473685,
gse239651_transition_panel,mioflow,20260916,success,20.785635199999888,results/B2_lineage_transition/mioflow/gse239651_transition_panel_seed20260916.npz,0.9990306434785268,0.1512443058048755,0.4457723560156528,0.4971807678112818,0.3146853146853147,
gse239651_transition_panel,prescient,20260916,success,12.2056977000002,results/B2_lineage_transition/prescient/gse239651_transition_panel_seed20260916.npz,0.9989931339374124,0.2589233773640866,0.4248905725296124,0.5015536355339979,0.2983682983682983,
gse239651_transition_panel,tigon,20260916,success,83.49555340000006,results/B2_lineage_transition/tigon/gse239651_transition_panel_seed20260916.npz,0.9991391301135109,0.2974117178892503,0.4148469329407903,0.5015412113083324,0.289044289044289,
gse239651_transition_panel,mioflow,20260917,success,15.186479299999974,results/B2_lineage_transition/mioflow/gse239651_transition_panel_seed20260917.npz,0.99913058932508,0.089612967024152,0.4626213527691551,0.5005027085190424,0.3053613053613053,
gse239651_transition_panel,prescient,20260917,success,12.208909500000118,results/B2_lineage_transition/prescient/gse239651_transition_panel_seed20260917.npz,0.998988910745598,0.256290709271331,0.4247707257478605,0.4987947417211889,0.289044289044289,
gse239651_transition_panel,tigon,20260917,success,88.4980099999998,results/B2_lineage_transition/tigon/gse239651_transition_panel_seed20260917.npz,0.999142278947074,0.2976836058648693,0.412946624984967,0.5015799138379464,0.289044289044289,
gse239651_transition_panel,mioflow,20260918,success,15.013544199999616,results/B2_lineage_transition/mioflow/gse239651_transition_panel_seed20260918.npz,0.999171380992702,0.1507898771297626,0.4238849624211725,0.4832492718476891,0.289044289044289,
gse239651_transition_panel,prescient,20260918,success,12.23315360000015,results/B2_lineage_transition/prescient/gse239651_transition_panel_seed20260918.npz,0.9989803645534394,0.2593894219081126,0.4294377567185322,0.5042407915791847,0.289044289044289,
gse239651_transition_panel,tigon,20260918,success,89.59955020000007,results/B2_lineage_transition/tigon/gse239651_transition_panel_seed20260918.npz,0.999161729259962,0.3015403877873501,0.4119126131282662,0.501820187865442,0.275058275058275,
gse239651_transition_panel,mioflow,20260919,success,16.295011199999863,results/B2_lineage_transition/mioflow/gse239651_transition_panel_seed20260919.npz,0.9990234889032084,0.1090210624912312,0.4623677605801095,0.5082522542819,0.3659673659673659,
gse239651_transition_panel,prescient,20260919,success,12.084383700000217,results/B2_lineage_transition/prescient/gse239651_transition_panel_seed20260919.npz,0.9989827293994876,0.2573956860911987,0.4261876335511731,0.5026588018070919,0.296037296037296,
gse239651_transition_panel,tigon,20260919,success,90.81693210000049,results/B2_lineage_transition/tigon/gse239651_transition_panel_seed20260919.npz,0.99914683448574,0.2988756784191658,0.4124209980019498,0.5014812988914691,0.289044289044289,
gse239651_transition_panel,mioflow,20260920,success,14.431510399999752,results/B2_lineage_transition/mioflow/gse239651_transition_panel_seed20260920.npz,0.9991693450866036,0.1761695755833731,0.4001024464604696,0.4787012339391481,0.2634032634032634,
gse239651_transition_panel,prescient,20260920,success,11.99105150000014,results/B2_lineage_transition/prescient/gse239651_transition_panel_seed20260920.npz,0.99902630185711,0.2611591063895968,0.4249922666111765,0.5004066267460906,0.2797202797202797,
gse239651_transition_panel,tigon,20260920,success,87.81660160000047,results/B2_lineage_transition/tigon/gse239651_transition_panel_seed20260920.npz,0.9991584221037534,0.2986984796835643,0.4128262619571429,0.5017362252219898,0.289044289044289,
macsgestalt_transition_panel,mioflow,20260916,success,11.044323500000246,results/B2_lineage_transition/mioflow/macsgestalt_transition_panel_seed20260916.npz,1.003561646595841,1.3202806211689606,0.3605240131826958,0.3819269625480512,0.4523809523809524,
macsgestalt_transition_panel,prescient,20260916,success,4.970087499999863,results/B2_lineage_transition/prescient/macsgestalt_transition_panel_seed20260916.npz,0.91914396672175,0.6758110035515296,0.7472279095775682,0.621023741518435,0.7857142857142857,
macsgestalt_transition_panel,tigon,20260916,success,19.89577809999992,results/B2_lineage_transition/tigon/macsgestalt_transition_panel_seed20260916.npz,0.9299757145560767,0.7174029970849015,0.7512864617151734,0.6165217856723526,0.8095238095238095,
macsgestalt_transition_panel,mioflow,20260917,success,11.484083600000304,results/B2_lineage_transition/mioflow/macsgestalt_transition_panel_seed20260917.npz,1.00300696197363,1.335157605047449,0.4269021648919376,0.4082066544270583,0.5476190476190477,
macsgestalt_transition_panel,prescient,20260917,success,4.637583499999892,results/B2_lineage_transition/prescient/macsgestalt_transition_panel_seed20260917.npz,0.927314350848032,0.7075988608674194,0.7463828770088128,0.6092115493554686,0.7857142857142857,
macsgestalt_transition_panel,tigon,20260917,success,19.72212709999985,results/B2_lineage_transition/tigon/macsgestalt_transition_panel_seed20260917.npz,0.9354347742344628,0.7526388148578879,0.7409543006229233,0.6115787545899247,0.7857142857142857,
macsgestalt_transition_panel,mioflow,20260918,success,11.78794199999993,results/B2_lineage_transition/mioflow/macsgestalt_transition_panel_seed20260918.npz,1.0020868131043903,1.33810838528661,0.407414803511065,0.4199111743891532,0.4761904761904761,
macsgestalt_transition_panel,prescient,20260918,success,5.187965800000711,results/B2_lineage_transition/prescient/macsgestalt_transition_panel_seed20260918.npz,0.9280846625566778,0.7301966681847867,0.7424762694139533,0.6152303803833008,0.7619047619047619,
macsgestalt_transition_panel,tigon,20260918,success,19.38227749999988,results/B2_lineage_transition/tigon/macsgestalt_transition_panel_seed20260918.npz,0.9541013749938376,0.9283452308512878,0.7211851023313107,0.6107621708556491,0.7619047619047619,
macsgestalt_transition_panel,mioflow,20260919,success,11.830186999999569,results/B2_lineage_transition/mioflow/macsgestalt_transition_panel_seed20260919.npz,0.991313987139386,1.2174254614207702,0.4856931153334063,0.4427858156122435,0.5476190476190477,
macsgestalt_transition_panel,prescient,20260919,success,4.753263999999945,results/B2_lineage_transition/prescient/macsgestalt_transition_panel_seed20260919.npz,0.9232862449047136,0.7041725058485173,0.7482161474805122,0.6109473235889521,0.7857142857142857,
macsgestalt_transition_panel,tigon,20260919,success,20.06999889999952,results/B2_lineage_transition/tigon/macsgestalt_transition_panel_seed20260919.npz,0.9536765217854136,0.8469570562504978,0.7351985165769845,0.6168417691672761,0.7619047619047619,
macsgestalt_transition_panel,mioflow,20260920,success,12.103159299999788,results/B2_lineage_transition/mioflow/macsgestalt_transition_panel_seed20260920.npz,1.001329332116878,1.2143644353824117,0.4489899888047731,0.4108083399984061,0.5,
macsgestalt_transition_panel,prescient,20260920,success,4.769642400000521,results/B2_lineage_transition/prescient/macsgestalt_transition_panel_seed20260920.npz,0.934123566609378,0.762888689901581,0.7375832873134232,0.6031986769551924,0.7857142857142857,
macsgestalt_transition_panel,tigon,20260920,success,20.34762430000046,results/B2_lineage_transition/tigon/macsgestalt_transition_panel_seed20260920.npz,0.9263516686389875,0.7061222389859736,0.7483483145378048,0.6170738402927092,0.8095238095238095,
gse140802_t2_t16,mioflow,20260916,success,12.013453700000357,results/B2_lineage_transition/mioflow/gse140802_t2_t16_seed20260916.npz,0.9931673643287152,0.1231012109755157,0.6810018026138667,0.6065945304599655,0.55,
gse140802_t2_t16,prescient,20260916,success,4.76325420000012,results/B2_lineage_transition/prescient/gse140802_t2_t16_seed20260916.npz,0.9898361198925616,0.0275239437428795,0.6857582828457882,0.6021522172747454,0.55,
gse140802_t2_t16,tigon,20260916,success,24.13769130000037,results/B2_lineage_transition/tigon/gse140802_t2_t16_seed20260916.npz,0.9932713686217348,0.1097518580221973,0.6819716979552833,0.6052923729585108,0.55,
gse140802_t2_t16,mioflow,20260917,success,11.470924399999603,results/B2_lineage_transition/mioflow/gse140802_t2_t16_seed20260917.npz,0.9935871894927564,0.1483411980097039,0.6685203639977878,0.6186308852868236,0.55,
gse140802_t2_t16,prescient,20260917,success,4.930187599999954,results/B2_lineage_transition/prescient/gse140802_t2_t16_seed20260917.npz,0.9895187892038269,0.0404139751884971,0.6897292478617645,0.6141203973215643,0.55,
gse140802_t2_t16,tigon,20260917,success,23.325883700000304,results/B2_lineage_transition/tigon/gse140802_t2_t16_seed20260917.npz,0.9932723625317816,0.1097581183375133,0.6820383698968957,0.6076782372425027,0.55,
gse140802_t2_t16,mioflow,20260918,success,12.363045500000226,results/B2_lineage_transition/mioflow/gse140802_t2_t16_seed20260918.npz,0.9933128210872902,0.1406139882727916,0.6730154071381761,0.6107744208463829,0.55,
gse140802_t2_t16,prescient,20260918,success,4.707105800000136,results/B2_lineage_transition/prescient/gse140802_t2_t16_seed20260918.npz,0.9895855511195136,0.0250401517185792,0.6812914512747107,0.6045381468293745,0.55,
gse140802_t2_t16,tigon,20260918,success,21.92691970000033,results/B2_lineage_transition/tigon/gse140802_t2_t16_seed20260918.npz,0.9932709221334548,0.1097119637394627,0.6819729290361615,0.6098168197392374,0.55,
gse140802_t2_t16,mioflow,20260919,success,11.767347699999846,results/B2_lineage_transition/mioflow/gse140802_t2_t16_seed20260919.npz,0.9931021585305272,0.1281482240406762,0.6776899817881051,0.6070230070884197,0.55,
gse140802_t2_t16,prescient,20260919,success,4.738925100000415,results/B2_lineage_transition/prescient/gse140802_t2_t16_seed20260919.npz,0.988352785860451,0.0266751012564208,0.6898767443702183,0.600838769337358,0.55,
gse140802_t2_t16,tigon,20260919,success,22.086581900000056,results/B2_lineage_transition/tigon/gse140802_t2_t16_seed20260919.npz,0.993269664230502,0.1095381776796202,0.6820279187780509,0.6117600201283903,0.55,
gse140802_t2_t16,mioflow,20260920,success,11.402560200000153,results/B2_lineage_transition/mioflow/gse140802_t2_t16_seed20260920.npz,0.993470505960408,0.1419939531797231,0.6718380460006822,0.610372550112441,0.55,
gse140802_t2_t16,prescient,20260920,success,4.724510500000179,results/B2_lineage_transition/prescient/gse140802_t2_t16_seed20260920.npz,0.9893671615277244,0.0257309212178303,0.6739427338800289,0.5960219559088142,0.55,
gse140802_t2_t16,tigon,20260920,success,23.77054660000067,results/B2_lineage_transition/tigon/gse140802_t2_t16_seed20260920.npz,0.9932726606554856,0.1098174092732708,0.681993818914351,0.6089527806652585,0.55,
gse140802_t2_t9,mioflow,20260916,success,13.74652270000024,results/B2_lineage_transition/mioflow/gse140802_t2_t9_seed20260916.npz,0.9975218930432536,0.1161616005967642,0.5320828005890784,0.5338474510666846,0.5526315789473685,
gse140802_t2_t9,prescient,20260916,success,6.1162162000000535,results/B2_lineage_transition/prescient/gse140802_t2_t9_seed20260916.npz,0.997119789970787,0.0263844283455232,0.5415687988006731,0.5308736356354434,0.5526315789473685,
gse140802_t2_t9,tigon,20260916,success,41.948921600000176,results/B2_lineage_transition/tigon/gse140802_t2_t9_seed20260916.npz,0.9982439942852676,0.152639589286058,0.5244065451815121,0.5301091764604083,0.5526315789473685,
gse140802_t2_t9,mioflow,20260917,success,13.662903800000096,results/B2_lineage_transition/mioflow/gse140802_t2_t9_seed20260917.npz,0.998089853442605,0.1741505897849765,0.5128638259823372,0.5275253677125754,0.5526315789473685,
gse140802_t2_t9,prescient,20260917,success,5.9572438000004695,results/B2_lineage_transition/prescient/gse140802_t2_t9_seed20260917.npz,0.9968915287909356,0.0183751663379894,0.5462248525924126,0.5324479246967051,0.5526315789473685,
gse140802_t2_t9,tigon,20260917,success,42.25566600000002,results/B2_lineage_transition/tigon/gse140802_t2_t9_seed20260917.npz,0.9982413821611922,0.1524876667543909,0.5244607500097886,0.5319742370616225,0.5526315789473685,
gse140802_t2_t9,mioflow,20260918,success,13.745216499999517,results/B2_lineage_transition/mioflow/gse140802_t2_t9_seed20260918.npz,0.9979621503877042,0.1587594390841115,0.5184957074281172,0.5305098878431908,0.5526315789473685,
gse140802_t2_t9,prescient,20260918,success,6.154530699999668,results/B2_lineage_transition/prescient/gse140802_t2_t9_seed20260918.npz,0.9970729972402402,0.026131759999358,0.5392771694323856,0.5289425066240131,0.5526315789473685,
gse140802_t2_t9,tigon,20260918,success,42.34471649999978,results/B2_lineage_transition/tigon/gse140802_t2_t9_seed20260918.npz,0.9982429368571444,0.1524757148810291,0.5244415169912201,0.5324268658293035,0.5526315789473685,
gse140802_t2_t9,mioflow,20260919,success,14.100329599999895,results/B2_lineage_transition/mioflow/gse140802_t2_t9_seed20260919.npz,0.997843003498772,0.144721163912868,0.5230953087251339,0.5297222697884598,0.5526315789473685,
gse140802_t2_t9,prescient,20260919,success,6.35136059999968,results/B2_lineage_transition/prescient/gse140802_t2_t9_seed20260919.npz,0.9971257777717668,0.0311385332344679,0.5443327544981922,0.530476594663815,0.5526315789473685,
gse140802_t2_t9,tigon,20260919,success,42.208458599999176,results/B2_lineage_transition/tigon/gse140802_t2_t9_seed20260919.npz,0.9982425935671608,0.1523226551068403,0.5245765493452326,0.5316546308176608,0.5526315789473685,
gse140802_t2_t9,mioflow,20260920,success,12.533916000000318,results/B2_lineage_transition/mioflow/gse140802_t2_t9_seed20260920.npz,0.9981916210019997,0.1748665945271663,0.511146297378903,0.5044788677468828,0.2434210526315789,
gse140802_t2_t9,prescient,20260920,success,6.240835099999458,results/B2_lineage_transition/prescient/gse140802_t2_t9_seed20260920.npz,0.9972446330235925,0.0257531387747524,0.5500566576323485,0.5395875911639605,0.5526315789473685,
gse140802_t2_t9,tigon,20260920,success,42.86661980000008,results/B2_lineage_transition/tigon/gse140802_t2_t9_seed20260920.npz,0.998243736860358,0.152423661141033,0.5245675066070653,0.5326905306015322,0.5526315789473685,
gse239651_transition_panel,UOT-IOT,20260916,success,1.2096544999999423,results/B2_lineage_transition/uot_iot/gse239651_transition_panel_seed20260916.npz,0.9981903108580128,0.0951153419028303,0.4787361542456028,0.5112475264202239,0.3962703962703963,1.3796775284728393
gse239651_transition_panel,UOT-IOT,20260917,success,1.1872864000001755,results/B2_lineage_transition/uot_iot/gse239651_transition_panel_seed20260917.npz,0.998190310911833,0.0951156677659977,0.4787360817298395,0.5108023198928917,0.3962703962703963,1.3796775284728575
gse239651_transition_panel,UOT-IOT,20260918,success,1.2096050999998624,results/B2_lineage_transition/uot_iot/gse239651_transition_panel_seed20260918.npz,0.9981903108895868,0.0951155151281439,0.478736115647362,0.5111729914765657,0.3962703962703963,1.3796775284728493
gse239651_transition_panel,UOT-IOT,20260919,success,1.2151920999999677,results/B2_lineage_transition/uot_iot/gse239651_transition_panel_seed20260919.npz,0.998190310870727,0.0951153868050402,0.4787361441121345,0.5113212497037449,0.3962703962703963,1.3796775284728668
gse239651_transition_panel,UOT-IOT,20260920,success,1.195388499999808,results/B2_lineage_transition/uot_iot/gse239651_transition_panel_seed20260920.npz,0.9981903108864354,0.0951155082735286,0.4787361171020095,0.512172803610128,0.3962703962703963,1.3796775284728438
macsgestalt_transition_panel,UOT-IOT,20260916,success,0.3401880999999775,results/B2_lineage_transition/uot_iot/macsgestalt_transition_panel_seed20260916.npz,0.8021728510836154,0.3322085350486563,0.4037133931804976,0.409393221225753,0.5476190476190477,0.5535326801695726
macsgestalt_transition_panel,UOT-IOT,20260917,success,0.3242322999999487,results/B2_lineage_transition/uot_iot/macsgestalt_transition_panel_seed20260917.npz,0.8021728506771723,0.3322085362872843,0.4037134004495707,0.4093784245381994,0.5476190476190477,0.5535326801695737
macsgestalt_transition_panel,UOT-IOT,20260918,success,0.366518399999677,results/B2_lineage_transition/uot_iot/macsgestalt_transition_panel_seed20260918.npz,0.8021728491033728,0.3322085367587918,0.4037134011405447,0.4090126247617452,0.5476190476190477,0.5535326801695716
macsgestalt_transition_panel,UOT-IOT,20260919,success,0.3456639999999424,results/B2_lineage_transition/uot_iot/macsgestalt_transition_panel_seed20260919.npz,0.8021728499429494,0.3322085380403349,0.4037134092397098,0.4085913456423439,0.5476190476190477,0.5535326801695947
macsgestalt_transition_panel,UOT-IOT,20260920,success,0.3324896999997691,results/B2_lineage_transition/uot_iot/macsgestalt_transition_panel_seed20260920.npz,0.8021728485972119,0.3322085363145715,0.4037134023415135,0.4087984790783026,0.5476190476190477,0.55353268016958
gse140802_t2_t16,UOT-IOT,20260916,success,0.9998890000001666,results/B2_lineage_transition/uot_iot/gse140802_t2_t16_seed20260916.npz,0.9874996653580814,0.0107461842228854,0.6855422778990485,0.616007979755324,0.55,1.491727984526643
gse140802_t2_t16,UOT-IOT,20260917,success,0.9571274999998424,results/B2_lineage_transition/uot_iot/gse140802_t2_t16_seed20260917.npz,0.9874996653580814,0.0107461842228854,0.6855422778990484,0.6110366997961014,0.55,1.4917279845266496
gse140802_t2_t16,UOT-IOT,20260918,success,0.8777365000000827,results/B2_lineage_transition/uot_iot/gse140802_t2_t16_seed20260918.npz,0.9874996653580814,0.0107461842228854,0.6855422778990484,0.6080058943575364,0.55,1.4917279845266225
gse140802_t2_t16,UOT-IOT,20260919,success,0.9703205999999228,results/B2_lineage_transition/uot_iot/gse140802_t2_t16_seed20260919.npz,0.9874996653580814,0.0107461842228854,0.6855422778990485,0.6169133579581954,0.55,1.4917279845266438
gse140802_t2_t16,UOT-IOT,20260920,success,0.8830874999998741,results/B2_lineage_transition/uot_iot/gse140802_t2_t16_seed20260920.npz,0.9874996653580814,0.0107461842228854,0.6855422778990484,0.6096720439090709,0.55,1.4917279845266394
gse140802_t2_t9,UOT-IOT,20260916,success,1.4134618000002774,results/B2_lineage_transition/uot_iot/gse140802_t2_t9_seed20260916.npz,0.995808566288555,0.0150171352657198,0.5449431551874835,0.5359660819469549,0.5526315789473685,1.6857876611716351
gse140802_t2_t9,UOT-IOT,20260917,success,1.3819898000001558,results/B2_lineage_transition/uot_iot/gse140802_t2_t9_seed20260917.npz,0.995808566288555,0.0150171352657198,0.5449431551874835,0.534325798976456,0.5526315789473685,1.6857876611716585
gse140802_t2_t9,UOT-IOT,20260918,success,1.3514521000001878,results/B2_lineage_transition/uot_iot/gse140802_t2_t9_seed20260918.npz,0.995808566288555,0.0150171352657198,0.5449431551874835,0.5358707695380804,0.5526315789473685,1.6857876611716394
gse140802_t2_t9,UOT-IOT,20260919,success,1.4133861000000252,results/B2_lineage_transition/uot_iot/gse140802_t2_t9_seed20260919.npz,0.995808566288555,0.0150171352657198,0.5449431551874835,0.53586267451377,0.5526315789473685,1.685787661171636
gse140802_t2_t9,UOT-IOT,20260920,success,1.3885298000000148,results/B2_lineage_transition/uot_iot/gse140802_t2_t9_seed20260920.npz,0.995808566288555,0.0150171352657198,0.5449431551874835,0.5366456855786991,0.5526315789473685,1.6857876611716305
